total_households,households_with_0_vehicles,households_with_1_vehicle,households_with_2_vehicles,households_with_3_vehicles,households_with_4_vehicles,households_with_5_vehicles,households_with_6_vehicles,households_with_7_vehicles,households_with_8_or_more_vehicles,state,county,tract,households_with_vehicles,vehicle_ownership_rate,tract_geoid
603.0,11.0,116.0,180.0,107.0,121.0,68.0,89.0,13.0,36.0,20,001,952600,730.0,1.2106135986733002,20001952600
679.0,18.0,95.0,315.0,122.0,84.0,45.0,133.0,3.0,40.0,20,001,952700,837.0,1.2326951399116348,20001952700
897.0,66.0,274.0,340.0,150.0,59.0,8.0,705.0,137.0,351.0,20,001,952800,2024.0,2.2564102564102564,20001952800
555.0,25.0,123.0,185.0,136.0,32.0,54.0,210.0,19.0,122.0,20,001,952900,881.0,1.5873873873873874,20001952900
848.0,10.0,222.0,258.0,188.0,73.0,97.0,257.0,108.0,102.0,20,001,953000,1305.0,1.5389150943396226,20001953000
1338.0,0.0,422.0,390.0,315.0,89.0,122.0,666.0,161.0,229.0,20,003,953600,2394.0,1.789237668161435,20003953600
983.0,31.0,120.0,356.0,263.0,128.0,85.0,177.0,34.0,70.0,20,003,953700,1233.0,1.254323499491353,20003953700
1567.0,44.0,223.0,540.0,473.0,173.0,114.0,137.0,14.0,57.0,20,005,081600,1731.0,1.1046585832801532,20005081600
975.0,11.0,230.0,422.0,188.0,85.0,39.0,404.0,0.0,267.0,20,005,081701,1635.0,1.676923076923077,20005081701
252.0,0.0,55.0,142.0,41.0,0.0,14.0,116.0,0.0,57.0,20,005,081702,425.0,1.6865079365079365,20005081702
821.0,35.0,238.0,324.0,112.0,44.0,68.0,341.0,100.0,148.0,20,005,081800,1375.0,1.6747868453105967,20005081800
636.0,61.0,147.0,214.0,180.0,22.0,12.0,625.0,209.0,221.0,20,005,081900,1630.0,2.5628930817610063,20005081900
888.0,34.0,144.0,336.0,229.0,116.0,29.0,253.0,47.0,108.0,20,007,968100,1262.0,1.4211711711711712,20007968100
507.0,3.0,106.0,237.0,106.0,33.0,22.0,160.0,28.0,91.0,20,007,968200,783.0,1.544378698224852,20007968200
1174.0,29.0,319.0,376.0,324.0,74.0,52.0,282.0,23.0,161.0,20,009,971100,1611.0,1.3722316865417377,20009971100
663.0,10.0,155.0,149.0,200.0,48.0,101.0,47.0,0.0,17.0,20,009,971200,717.0,1.081447963800905,20009971200
740.0,5.0,186.0,362.0,121.0,54.0,12.0,543.0,76.0,225.0,20,009,971300,1579.0,2.133783783783784,20009971300
616.0,13.0,253.0,259.0,73.0,18.0,0.0,380.0,63.0,174.0,20,009,971400,1220.0,1.9805194805194806,20009971400
977.0,10.0,311.0,381.0,168.0,89.0,18.0,377.0,48.0,245.0,20,009,971500,1637.0,1.6755373592630503,20009971500
1085.0,44.0,274.0,540.0,202.0,25.0,0.0,747.0,87.0,401.0,20,009,971600,2276.0,2.0976958525345624,20009971600
418.0,0.0,125.0,113.0,121.0,35.0,24.0,445.0,129.0,88.0,20,009,971700,1080.0,2.583732057416268,20009971700
1158.0,0.0,275.0,558.0,254.0,29.0,42.0,495.0,91.0,207.0,20,009,971801,1951.0,1.6848013816925733,20009971801
774.0,41.0,92.0,275.0,261.0,51.0,54.0,143.0,5.0,76.0,20,011,955600,957.0,1.2364341085271318,20011955600
685.0,11.0,122.0,222.0,188.0,95.0,47.0,103.0,4.0,26.0,20,011,955700,807.0,1.178102189781022,20011955700
1089.0,25.0,237.0,497.0,165.0,139.0,26.0,432.0,73.0,257.0,20,011,955800,1826.0,1.6767676767676767,20011955800
809.0,25.0,142.0,369.0,166.0,75.0,32.0,417.0,1.0,221.0,20,011,955900,1423.0,1.7589616810877626,20011955900
762.0,1.0,193.0,348.0,73.0,118.0,29.0,559.0,49.0,267.0,20,011,956000,1636.0,2.146981627296588,20011956000
787.0,9.0,105.0,358.0,174.0,88.0,53.0,236.0,19.0,84.0,20,013,480600,1117.0,1.4193138500635325,20013480600
935.0,10.0,278.0,371.0,222.0,54.0,0.0,427.0,68.0,271.0,20,013,480700,1691.0,1.8085561497326204,20013480700
917.0,10.0,158.0,397.0,217.0,81.0,54.0,376.0,50.0,218.0,20,013,480800,1551.0,1.6913849509269356,20013480800
750.0,10.0,66.0,246.0,330.0,62.0,36.0,124.0,5.0,21.0,20,015,020101,890.0,1.1866666666666668,20015020101
727.0,48.0,124.0,221.0,195.0,121.0,18.0,159.0,77.0,29.0,20,015,020102,944.0,1.2984869325997248,20015020102
1156.0,24.0,59.0,461.0,391.0,161.0,60.0,88.0,39.0,24.0,20,015,020204,1283.0,1.1098615916955017,20015020204
960.0,0.0,122.0,344.0,285.0,74.0,135.0,93.0,16.0,44.0,20,015,020205,1113.0,1.159375,20015020205
1278.0,56.0,239.0,607.0,282.0,19.0,75.0,318.0,10.0,228.0,20,015,020206,1778.0,1.3912363067292646,20015020206
1096.0,0.0,91.0,620.0,198.0,187.0,0.0,226.0,0.0,65.0,20,015,020207,1387.0,1.2655109489051095,20015020207
652.0,0.0,26.0,471.0,129.0,26.0,0.0,254.0,58.0,79.0,20,015,020208,1043.0,1.5996932515337423,20015020208
462.0,0.0,0.0,223.0,89.0,42.0,108.0,142.0,0.0,3.0,20,015,020209,607.0,1.3138528138528138,20015020209
755.0,0.0,90.0,235.0,293.0,101.0,36.0,300.0,0.0,234.0,20,015,020210,1289.0,1.7072847682119205,20015020210
1060.0,11.0,188.0,569.0,257.0,20.0,15.0,451.0,143.0,157.0,20,015,020300,1800.0,1.6981132075471699,20015020300
586.0,0.0,150.0,260.0,131.0,30.0,15.0,612.0,68.0,345.0,20,015,020400,1611.0,2.749146757679181,20015020400
1382.0,13.0,444.0,809.0,57.0,16.0,43.0,1007.0,64.0,497.0,20,015,020500,2937.0,2.125180897250362,20015020500
1368.0,9.0,174.0,576.0,402.0,154.0,53.0,165.0,6.0,50.0,20,015,020601,1580.0,1.154970760233918,20015020601
1076.0,20.0,165.0,458.0,283.0,86.0,64.0,165.0,7.0,47.0,20,015,020602,1275.0,1.1849442379182156,20015020602
1155.0,27.0,234.0,456.0,343.0,95.0,0.0,474.0,95.0,193.0,20,015,020700,1890.0,1.6363636363636365,20015020700
594.0,9.0,143.0,210.0,169.0,63.0,0.0,576.0,65.0,298.0,20,015,020800,1524.0,2.5656565656565657,20015020800
1514.0,9.0,120.0,389.0,480.0,371.0,145.0,126.0,0.0,17.0,20,015,020901,1648.0,1.0885072655217967,20015020901
1303.0,21.0,98.0,554.0,439.0,132.0,59.0,226.0,35.0,67.0,20,015,020902,1610.0,1.2356101304681504,20015020902
1008.0,0.0,202.0,310.0,302.0,143.0,51.0,232.0,15.0,89.0,20,015,020903,1344.0,1.3333333333333333,20015020903
824.0,20.0,161.0,259.0,223.0,93.0,68.0,239.0,30.0,113.0,20,017,960600,1186.0,1.4393203883495145,20017960600
1035.0,15.0,291.0,315.0,250.0,80.0,84.0,259.0,53.0,77.0,20,019,964600,1409.0,1.3613526570048309,20019964600
646.0,4.0,147.0,225.0,157.0,35.0,78.0,189.0,46.0,35.0,20,021,958100,912.0,1.411764705882353,20021958100
663.0,6.0,88.0,135.0,320.0,102.0,12.0,80.0,0.0,15.0,20,021,958200,752.0,1.134238310708899,20021958200
889.0,9.0,246.0,317.0,200.0,90.0,27.0,645.0,141.0,321.0,20,021,958300,1987.0,2.235095613048369,20021958300
1098.0,9.0,173.0,467.0,257.0,166.0,26.0,263.0,17.0,149.0,20,021,958400,1518.0,1.3825136612021858,20021958400
824.0,14.0,280.0,311.0,175.0,31.0,13.0,542.0,113.0,319.0,20,021,958500,1784.0,2.1650485436893203,20021958500
1208.0,57.0,261.0,506.0,304.0,68.0,12.0,496.0,144.0,205.0,20,021,958600,1996.0,1.6523178807947019,20021958600
973.0,15.0,200.0,357.0,248.0,106.0,47.0,256.0,34.0,105.0,20,023,950200,1353.0,1.3905447070914696,20023950200
660.0,15.0,143.0,246.0,145.0,85.0,26.0,184.0,9.0,86.0,20,025,967100,924.0,1.4,20025967100
1190.0,46.0,129.0,464.0,343.0,151.0,57.0,303.0,0.0,97.0,20,027,458100,1544.0,1.2974789915966387,20027458100
1362.0,45.0,360.0,643.0,252.0,50.0,12.0,750.0,152.0,409.0,20,027,458200,2628.0,1.9295154185022025,20027458200
742.0,12.0,136.0,166.0,267.0,101.0,60.0,183.0,19.0,55.0,20,029,977100,987.0,1.330188679245283,20029977100
597.0,0.0,152.0,316.0,90.0,6.0,33.0,388.0,51.0,237.0,20,029,977200,1273.0,2.1323283082077054,20029977200
781.0,0.0,158.0,338.0,204.0,66.0,15.0,394.0,22.0,194.0,20,029,977300,1391.0,1.7810499359795136,20029977300
497.0,6.0,67.0,177.0,131.0,77.0,39.0,51.0,2.0,5.0,20,029,977400,549.0,1.1046277665995976,20029977400
968.0,16.0,142.0,282.0,285.0,187.0,56.0,207.0,11.0,59.0,20,031,966100,1229.0,1.2696280991735538,20031966100
1005.0,18.0,118.0,340.0,328.0,153.0,48.0,197.0,9.0,96.0,20,031,966200,1289.0,1.2825870646766169,20031966200
706.0,24.0,136.0,315.0,146.0,33.0,52.0,409.0,117.0,160.0,20,031,966300,1368.0,1.9376770538243626,20031966300
633.0,0.0,188.0,204.0,135.0,48.0,58.0,211.0,25.0,118.0,20,033,967600,987.0,1.5592417061611374,20033967600
960.0,26.0,111.0,275.0,258.0,220.0,70.0,159.0,2.0,53.0,20,035,493100,1148.0,1.1958333333333333,20035493100
900.0,6.0,103.0,312.0,296.0,134.0,49.0,192.0,7.0,83.0,20,035,493200,1176.0,1.3066666666666666,20035493200
853.0,11.0,167.0,295.0,240.0,99.0,41.0,103.0,0.0,18.0,20,035,493300,963.0,1.1289566236811255,20035493300
608.0,0.0,168.0,231.0,136.0,40.0,33.0,295.0,46.0,195.0,20,035,493400,1144.0,1.881578947368421,20035493400
837.0,9.0,168.0,375.0,213.0,30.0,42.0,752.0,108.0,425.0,20,035,493500,2113.0,2.5244922341696534,20035493500
947.0,15.0,309.0,287.0,211.0,75.0,50.0,610.0,182.0,246.0,20,035,493600,1970.0,2.0802534318901795,20035493600
939.0,10.0,453.0,232.0,152.0,58.0,34.0,531.0,49.0,357.0,20,035,493700,1866.0,1.987220447284345,20035493700
1152.0,51.0,266.0,501.0,132.0,74.0,128.0,509.0,20.0,293.0,20,035,493800,1923.0,1.6692708333333333,20035493800
1164.0,2.0,258.0,363.0,310.0,147.0,84.0,102.0,0.0,57.0,20,035,493900,1321.0,1.1348797250859106,20035493900
422.0,12.0,87.0,152.0,101.0,51.0,19.0,410.0,129.0,181.0,20,035,494000,1130.0,2.677725118483412,20035494000
366.0,5.0,117.0,159.0,43.0,38.0,4.0,206.0,19.0,125.0,20,035,494100,711.0,1.9426229508196722,20035494100
1291.0,16.0,290.0,504.0,282.0,139.0,60.0,486.0,53.0,198.0,20,037,956600,2012.0,1.5584817970565452,20037956600
1117.0,15.0,249.0,289.0,365.0,114.0,85.0,178.0,35.0,54.0,20,037,956700,1369.0,1.225604297224709,20037956700
695.0,18.0,163.0,252.0,182.0,56.0,24.0,543.0,42.0,287.0,20,037,956800,1549.0,2.228776978417266,20037956800
1155.0,35.0,290.0,438.0,261.0,101.0,30.0,560.0,15.0,339.0,20,037,956900,2034.0,1.761038961038961,20037956900
1228.0,7.0,194.0,730.0,225.0,51.0,21.0,351.0,85.0,158.0,20,037,957000,1815.0,1.478013029315961,20037957000
449.0,32.0,112.0,177.0,115.0,13.0,0.0,587.0,135.0,329.0,20,037,957100,1468.0,3.269487750556793,20037957100
598.0,10.0,256.0,222.0,84.0,26.0,0.0,428.0,100.0,200.0,20,037,957200,1316.0,2.20066889632107,20037957200
632.0,0.0,120.0,208.0,118.0,82.0,104.0,568.0,99.0,338.0,20,037,957300,1637.0,2.5901898734177213,20037957300
629.0,23.0,246.0,223.0,40.0,71.0,26.0,359.0,11.0,164.0,20,037,957400,1140.0,1.8124006359300477,20037957400
316.0,83.0,86.0,120.0,27.0,0.0,0.0,801.0,247.0,349.0,20,037,957500,1630.0,5.158227848101266,20037957500
715.0,0.0,78.0,369.0,105.0,100.0,63.0,850.0,86.0,433.0,20,037,957601,2084.0,2.9146853146853147,20037957601
231.0,0.0,49.0,108.0,52.0,22.0,0.0,745.0,260.0,230.0,20,037,957602,1466.0,6.346320346320346,20037957602
1012.0,18.0,221.0,397.0,194.0,106.0,76.0,292.0,26.0,180.0,20,039,951300,1492.0,1.4743083003952568,20039951300
1304.0,19.0,144.0,535.0,331.0,154.0,121.0,284.0,52.0,118.0,20,041,084100,1739.0,1.3335889570552146,20041084100
704.0,61.0,97.0,252.0,152.0,98.0,44.0,133.0,20.0,66.0,20,041,084200,862.0,1.2244318181818181,20041084200
973.0,21.0,184.0,433.0,141.0,129.0,65.0,202.0,0.0,88.0,20,041,084300,1242.0,1.276464542651593,20041084300
1365.0,17.0,251.0,474.0,496.0,88.0,39.0,707.0,127.0,316.0,20,041,084400,2498.0,1.83003663003663,20041084400
832.0,10.0,99.0,324.0,191.0,123.0,85.0,216.0,13.0,109.0,20,041,084500,1160.0,1.3942307692307692,20041084500
677.0,11.0,155.0,198.0,238.0,60.0,15.0,322.0,37.0,184.0,20,041,084600,1209.0,1.7858197932053175,20041084600
497.0,9.0,87.0,157.0,157.0,55.0,32.0,150.0,14.0,66.0,20,043,020100,718.0,1.4446680080482897,20043020100
745.0,13.0,149.0,208.0,271.0,61.0,43.0,166.0,36.0,85.0,20,043,020200,1019.0,1.367785234899329,20043020200
914.0,12.0,191.0,445.0,159.0,74.0,33.0,313.0,51.0,187.0,20,043,020300,1453.0,1.5897155361050328,20043020300
776.0,50.0,163.0,356.0,116.0,55.0,36.0,385.0,92.0,78.0,20,045,000100,1281.0,1.6507731958762886,20045000100
683.0,27.0,208.0,395.0,18.0,35.0,0.0,245.0,49.0,64.0,20,045,000201,1014.0,1.4846266471449487,20045000201
966.0,0.0,362.0,331.0,191.0,16.0,66.0,1581.0,94.0,845.0,20,045,000202,3486.0,3.608695652173913,20045000202
34.0,0.0,23.0,11.0,0.0,0.0,0.0,1593.0,271.0,575.0,20,045,000301,2473.0,72.73529411764706,20045000301
158.0,0.0,5.0,74.0,51.0,28.0,0.0,968.0,27.0,556.0,20,045,000302,1709.0,10.816455696202532,20045000302
10.0,0.0,0.0,4.0,6.0,0.0,0.0,72.0,23.0,36.0,20,045,000400,141.0,14.1,20045000400
500.0,0.0,199.0,240.0,37.0,24.0,0.0,1005.0,36.0,580.0,20,045,000501,2121.0,4.242,20045000501
641.0,0.0,217.0,277.0,129.0,18.0,0.0,1432.0,119.0,825.0,20,045,000502,3017.0,4.7067082683307335,20045000502
2053.0,16.0,213.0,1318.0,365.0,102.0,39.0,854.0,60.0,615.0,20,045,000602,3566.0,1.7369702873843156,20045000602
1910.0,23.0,337.0,988.0,462.0,57.0,43.0,2570.0,167.0,1518.0,20,045,000603,6142.0,3.2157068062827223,20045000603
1255.0,13.0,276.0,598.0,307.0,61.0,0.0,795.0,137.0,415.0,20,045,000604,2589.0,2.0629482071713148,20045000604
1164.0,0.0,150.0,479.0,397.0,124.0,14.0,565.0,202.0,168.0,20,045,000701,2099.0,1.8032646048109966,20045000701
754.0,21.0,146.0,434.0,139.0,14.0,0.0,667.0,46.0,273.0,20,045,000703,1719.0,2.279840848806366,20045000703
613.0,0.0,216.0,263.0,25.0,88.0,21.0,1145.0,207.0,525.0,20,045,000704,2490.0,4.061990212071779,20045000704
1156.0,25.0,333.0,650.0,77.0,51.0,20.0,917.0,73.0,295.0,20,045,000797,2416.0,2.0899653979238755,20045000797
916.0,1.0,209.0,447.0,175.0,71.0,13.0,2312.0,69.0,996.0,20,045,000801,4292.0,4.685589519650655,20045000801
810.0,21.0,175.0,462.0,105.0,47.0,0.0,1647.0,224.0,715.0,20,045,000802,3375.0,4.166666666666667,20045000802
239.0,0.0,30.0,178.0,31.0,0.0,0.0,603.0,100.0,105.0,20,045,000902,1047.0,4.380753138075314,20045000902
312.0,17.0,28.0,195.0,28.0,44.0,0.0,493.0,35.0,237.0,20,045,000903,1060.0,3.3974358974358974,20045000903
410.0,0.0,83.0,321.0,0.0,6.0,0.0,1857.0,186.0,1163.0,20,045,000904,3616.0,8.819512195121952,20045000904
728.0,12.0,243.0,347.0,102.0,17.0,7.0,247.0,18.0,40.0,20,045,001001,1021.0,1.4024725274725274,20045001001
1592.0,33.0,494.0,757.0,213.0,63.0,32.0,842.0,22.0,266.0,20,045,001002,2689.0,1.689070351758794,20045001002
638.0,18.0,49.0,252.0,167.0,100.0,52.0,54.0,0.0,13.0,20,045,001201,687.0,1.0768025078369905,20045001201
1874.0,51.0,263.0,750.0,565.0,169.0,76.0,762.0,18.0,334.0,20,045,001202,2937.0,1.5672358591248665,20045001202
1732.0,45.0,238.0,737.0,391.0,207.0,114.0,652.0,111.0,181.0,20,045,001203,2631.0,1.5190531177829099,20045001203
1902.0,9.0,193.0,643.0,578.0,210.0,269.0,173.0,0.0,45.0,20,045,001400,2111.0,1.1098843322818086,20045001400
843.0,7.0,116.0,345.0,264.0,64.0,47.0,154.0,0.0,57.0,20,045,001500,1047.0,1.2419928825622777,20045001500
510.0,5.0,91.0,202.0,115.0,51.0,46.0,105.0,8.0,23.0,20,047,969600,641.0,1.2568627450980392,20047969600
486.0,29.0,197.0,190.0,60.0,4.0,6.0,150.0,2.0,76.0,20,047,969700,685.0,1.4094650205761317,20047969700
788.0,37.0,200.0,280.0,154.0,88.0,29.0,217.0,41.0,74.0,20,049,965100,1083.0,1.3743654822335025,20049965100
778.0,2.0,125.0,296.0,237.0,73.0,45.0,263.0,5.0,110.0,20,051,072600,1154.0,1.4832904884318765,20051072600
1509.0,28.0,258.0,627.0,393.0,68.0,135.0,819.0,91.0,449.0,20,051,072701,2840.0,1.8820410868124586,20051072701
712.0,1.0,139.0,397.0,94.0,52.0,29.0,384.0,17.0,179.0,20,051,072702,1291.0,1.8132022471910112,20051072702
1669.0,0.0,245.0,846.0,370.0,100.0,108.0,427.0,0.0,250.0,20,051,072801,2346.0,1.4056321150389455,20051072801
924.0,51.0,243.0,368.0,172.0,74.0,16.0,701.0,60.0,354.0,20,051,072802,1988.0,2.1515151515151514,20051072802
600.0,0.0,248.0,197.0,148.0,7.0,0.0,646.0,70.0,209.0,20,051,072901,1525.0,2.5416666666666665,20051072901
118.0,0.0,26.0,58.0,11.0,7.0,16.0,976.0,168.0,310.0,20,051,072902,1572.0,13.322033898305085,20051072902
1021.0,20.0,163.0,371.0,356.0,81.0,30.0,352.0,100.0,117.0,20,051,073000,1570.0,1.5377081292850148,20051073000
834.0,9.0,233.0,261.0,195.0,106.0,30.0,108.0,9.0,36.0,20,053,086600,978.0,1.1726618705035972,20053086600
1052.0,39.0,175.0,454.0,246.0,71.0,67.0,316.0,23.0,204.0,20,053,086700,1556.0,1.479087452471483,20053086700
1270.0,9.0,207.0,552.0,282.0,158.0,62.0,212.0,19.0,89.0,20,055,960100,1581.0,1.2448818897637794,20055960100
1308.0,13.0,211.0,463.0,358.0,201.0,62.0,892.0,80.0,431.0,20,055,960200,2698.0,2.062691131498471,20055960200
641.0,7.0,175.0,230.0,144.0,67.0,18.0,568.0,104.0,336.0,20,055,960300,1642.0,2.561622464898596,20055960300
714.0,0.0,159.0,353.0,162.0,28.0,12.0,44.0,0.0,0.0,20,055,960401,758.0,1.061624649859944,20055960401
712.0,12.0,162.0,295.0,137.0,71.0,35.0,402.0,23.0,229.0,20,055,960403,1354.0,1.901685393258427,20055960403
603.0,5.0,145.0,230.0,166.0,42.0,15.0,698.0,68.0,436.0,20,055,960404,1800.0,2.985074626865672,20055960404
587.0,2.0,57.0,315.0,96.0,95.0,22.0,154.0,0.0,67.0,20,055,960501,806.0,1.373083475298126,20055960501
266.0,10.0,14.0,146.0,57.0,31.0,8.0,35.0,0.0,5.0,20,055,960503,296.0,1.112781954887218,20055960503
316.0,3.0,40.0,39.0,125.0,91.0,18.0,284.0,32.0,121.0,20,055,960505,750.0,2.3734177215189876,20055960505
355.0,113.0,52.0,70.0,85.0,13.0,22.0,309.0,6.0,142.0,20,055,960507,699.0,1.9690140845070423,20055960507
730.0,5.0,85.0,365.0,46.0,167.0,62.0,119.0,11.0,34.0,20,055,960508,889.0,1.2178082191780821,20055960508
1084.0,48.0,257.0,255.0,316.0,151.0,57.0,621.0,143.0,200.0,20,055,960600,2000.0,1.845018450184502,20055960600
722.0,2.0,95.0,321.0,227.0,43.0,34.0,189.0,2.0,80.0,20,057,961600,991.0,1.3725761772853187,20057961600
680.0,8.0,108.0,312.0,158.0,81.0,13.0,200.0,5.0,71.0,20,057,961700,948.0,1.3941176470588235,20057961700
1335.0,87.0,70.0,768.0,304.0,106.0,0.0,317.0,57.0,176.0,20,057,961801,1798.0,1.3468164794007491,20057961801
1039.0,0.0,105.0,530.0,250.0,131.0,23.0,693.0,13.0,428.0,20,057,961802,2173.0,2.0914340712223294,20057961802
750.0,0.0,229.0,323.0,178.0,0.0,20.0,675.0,89.0,198.0,20,057,961901,1712.0,2.2826666666666666,20057961901
879.0,0.0,129.0,415.0,226.0,93.0,16.0,290.0,65.0,96.0,20,057,961902,1330.0,1.5130830489192264,20057961902
878.0,5.0,74.0,337.0,300.0,103.0,59.0,672.0,69.0,338.0,20,057,962000,1952.0,2.223234624145786,20057962000
554.0,16.0,134.0,244.0,117.0,25.0,18.0,627.0,86.0,299.0,20,057,962101,1550.0,2.7978339350180503,20057962101
867.0,6.0,176.0,383.0,148.0,132.0,22.0,204.0,0.0,141.0,20,057,962102,1206.0,1.3910034602076125,20057962102
1087.0,4.0,176.0,292.0,259.0,192.0,164.0,266.0,18.0,42.0,20,059,954101,1409.0,1.296228150873965,20059954101
879.0,0.0,170.0,345.0,216.0,113.0,35.0,248.0,32.0,128.0,20,059,954102,1287.0,1.4641638225255973,20059954102
779.0,16.0,158.0,286.0,143.0,152.0,24.0,288.0,0.0,162.0,20,059,954200,1213.0,1.5571245186136071,20059954200
1287.0,0.0,193.0,747.0,233.0,43.0,71.0,756.0,101.0,405.0,20,059,954300,2549.0,1.9805749805749806,20059954300
1129.0,53.0,176.0,478.0,335.0,54.0,33.0,855.0,121.0,457.0,20,059,954400,2509.0,2.2223206377325067,20059954400
2078.0,29.0,169.0,576.0,674.0,475.0,155.0,366.0,2.0,48.0,20,059,954500,2465.0,1.1862367661212705,20059954500
317.0,44.0,109.0,122.0,31.0,0.0,11.0,377.0,15.0,193.0,20,061,000100,858.0,2.7066246056782335,20061000100
458.0,0.0,126.0,181.0,139.0,12.0,0.0,734.0,121.0,364.0,20,061,000200,1677.0,3.6615720524017465,20061000200
1033.0,32.0,334.0,454.0,115.0,35.0,63.0,771.0,110.0,271.0,20,061,000300,2153.0,2.0842207163601163,20061000300
694.0,0.0,219.0,311.0,57.0,18.0,89.0,924.0,12.0,390.0,20,061,000401,2020.0,2.910662824207493,20061000401
551.0,0.0,62.0,279.0,183.0,12.0,15.0,357.0,18.0,116.0,20,061,000402,1042.0,1.8911070780399275,20061000402
395.0,31.0,56.0,229.0,75.0,4.0,0.0,799.0,39.0,443.0,20,061,000500,1645.0,4.1645569620253164,20061000500
26.0,0.0,9.0,0.0,0.0,17.0,0.0,1719.0,12.0,489.0,20,061,000601,2246.0,86.38461538461539,20061000601
0.0,0.0,0.0,0.0,0.0,0.0,0.0,720.0,0.0,111.0,20,061,000602,831.0,inf,20061000602
583.0,14.0,180.0,180.0,179.0,17.0,13.0,495.0,41.0,147.0,20,061,000700,1252.0,2.1475128644939967,20061000700
592.0,0.0,99.0,263.0,64.0,135.0,31.0,269.0,0.0,128.0,20,061,000801,989.0,1.6706081081081081,20061000801
1217.0,54.0,193.0,504.0,296.0,139.0,31.0,398.0,0.0,130.0,20,061,000802,1691.0,1.3894823336072308,20061000802
922.0,7.0,187.0,285.0,261.0,116.0,66.0,284.0,6.0,133.0,20,063,955300,1338.0,1.4511930585683297,20063955300
946.0,25.0,195.0,324.0,181.0,177.0,44.0,236.0,26.0,151.0,20,065,952300,1334.0,1.4101479915433404,20065952300
458.0,0.0,171.0,150.0,102.0,31.0,4.0,71.0,0.0,9.0,20,067,963600,538.0,1.1746724890829694,20067963600
1271.0,0.0,260.0,382.0,346.0,172.0,111.0,671.0,32.0,507.0,20,067,963700,2481.0,1.9520062942564909,20067963700
790.0,1.0,107.0,319.0,231.0,109.0,23.0,244.0,3.0,149.0,20,069,962600,1185.0,1.5,20069962600
892.0,9.0,164.0,321.0,231.0,109.0,58.0,128.0,2.0,54.0,20,069,962700,1067.0,1.196188340807175,20069962700
400.0,7.0,51.0,146.0,139.0,57.0,0.0,143.0,16.0,71.0,20,071,958100,623.0,1.5575,20071958100
691.0,13.0,175.0,195.0,184.0,63.0,61.0,183.0,55.0,42.0,20,073,965600,958.0,1.3863965267727931,20073965600
660.0,38.0,167.0,197.0,158.0,77.0,23.0,296.0,49.0,133.0,20,073,965700,1100.0,1.6666666666666667,20073965700
612.0,15.0,111.0,178.0,151.0,76.0,81.0,95.0,2.0,21.0,20,073,965800,715.0,1.1683006535947713,20073965800
632.0,20.0,145.0,260.0,98.0,52.0,57.0,146.0,2.0,82.0,20,075,958600,842.0,1.3322784810126582,20075958600
561.0,6.0,108.0,153.0,173.0,91.0,30.0,179.0,24.0,55.0,20,077,961600,813.0,1.4491978609625669,20077961600
419.0,0.0,140.0,147.0,61.0,36.0,35.0,187.0,0.0,68.0,20,077,961700,674.0,1.6085918854415275,20077961700
601.0,0.0,167.0,282.0,89.0,44.0,19.0,257.0,25.0,98.0,20,077,961800,981.0,1.632279534109817,20077961800
985.0,41.0,170.0,462.0,244.0,53.0,15.0,737.0,75.0,342.0,20,079,030100,2098.0,2.1299492385786802,20079030100
1608.0,14.0,336.0,835.0,249.0,116.0,58.0,503.0,72.0,210.0,20,079,030200,2379.0,1.4794776119402986,20079030200
1790.0,25.0,380.0,598.0,360.0,427.0,0.0,534.0,88.0,187.0,20,079,030300,2574.0,1.4379888268156424,20079030300
1504.0,69.0,237.0,748.0,278.0,97.0,75.0,551.0,0.0,210.0,20,079,030400,2196.0,1.4601063829787233,20079030400
1520.0,72.0,357.0,555.0,375.0,70.0,91.0,899.0,69.0,599.0,20,079,030500,3015.0,1.9835526315789473,20079030500
928.0,4.0,96.0,230.0,448.0,100.0,50.0,140.0,0.0,51.0,20,079,030601,1115.0,1.2015086206896552,20079030601
1168.0,2.0,226.0,360.0,284.0,246.0,50.0,396.0,49.0,181.0,20,079,030602,1792.0,1.5342465753424657,20079030602
1021.0,9.0,193.0,410.0,264.0,113.0,32.0,312.0,14.0,117.0,20,081,463100,1455.0,1.425073457394711,20081463100
595.0,0.0,95.0,241.0,146.0,61.0,52.0,130.0,0.0,40.0,20,083,461100,765.0,1.2857142857142858,20083461100
1801.0,17.0,221.0,654.0,536.0,197.0,176.0,304.0,4.0,144.0,20,085,082600,2236.0,1.2415324819544697,20085082600
1006.0,6.0,123.0,510.0,266.0,76.0,25.0,703.0,144.0,432.0,20,085,082700,2279.0,2.265407554671968,20085082700
1120.0,23.0,144.0,405.0,301.0,189.0,58.0,270.0,19.0,88.0,20,085,082800,1474.0,1.3160714285714286,20085082800
1818.0,58.0,238.0,733.0,383.0,225.0,181.0,215.0,3.0,46.0,20,087,020101,2024.0,1.1133113311331133,20087020101
1081.0,15.0,102.0,312.0,367.0,180.0,105.0,125.0,7.0,58.0,20,087,020102,1256.0,1.1618871415356151,20087020102
1366.0,33.0,147.0,428.0,534.0,143.0,81.0,442.0,164.0,110.0,20,087,020200,2049.0,1.5,20087020200
1856.0,50.0,314.0,770.0,462.0,145.0,115.0,359.0,16.0,75.0,20,087,020300,2256.0,1.2155172413793103,20087020300
1028.0,34.0,158.0,444.0,287.0,43.0,62.0,212.0,29.0,57.0,20,089,576300,1292.0,1.2568093385214008,20089576300
1735.0,37.0,495.0,908.0,238.0,35.0,22.0,321.0,0.0,70.0,20,091,050000,2089.0,1.2040345821325649,20091050000
1423.0,43.0,556.0,666.0,140.0,13.0,5.0,747.0,84.0,302.0,20,091,050100,2513.0,1.7659873506676036,20091050100
1395.0,18.0,512.0,675.0,127.0,21.0,42.0,361.0,0.0,158.0,20,091,050200,1896.0,1.3591397849462366,20091050200
385.0,0.0,134.0,82.0,140.0,29.0,0.0,1833.0,36.0,1253.0,20,091,050301,3507.0,9.10909090909091,20091050301
576.0,8.0,151.0,167.0,232.0,15.0,3.0,458.0,80.0,207.0,20,091,050302,1313.0,2.279513888888889,20091050302
1351.0,112.0,514.0,528.0,66.0,131.0,0.0,1141.0,58.0,751.0,20,091,050400,3189.0,2.3604737231680235,20091050400
899.0,23.0,245.0,362.0,142.0,92.0,35.0,134.0,0.0,80.0,20,091,050500,1090.0,1.2124582869855396,20091050500
1633.0,12.0,416.0,915.0,149.0,38.0,103.0,170.0,0.0,26.0,20,091,050600,1817.0,1.1126760563380282,20091050600
1653.0,39.0,533.0,575.0,326.0,180.0,0.0,212.0,0.0,104.0,20,091,050700,1930.0,1.1675741076830006,20091050700
817.0,0.0,88.0,527.0,138.0,53.0,11.0,8.0,0.0,8.0,20,091,050800,833.0,1.0195838433292534,20091050800
1756.0,0.0,369.0,1130.0,151.0,58.0,48.0,476.0,50.0,205.0,20,091,050900,2487.0,1.4162870159453302,20091050900
1304.0,18.0,301.0,858.0,82.0,22.0,23.0,220.0,0.0,74.0,20,091,051000,1580.0,1.2116564417177915,20091051000
1176.0,36.0,452.0,508.0,86.0,61.0,33.0,368.0,11.0,195.0,20,091,051100,1714.0,1.4574829931972788,20091051100
1207.0,73.0,509.0,416.0,142.0,44.0,23.0,760.0,100.0,410.0,20,091,051200,2404.0,1.991714995857498,20091051200
1160.0,1.0,448.0,583.0,106.0,21.0,1.0,1000.0,95.0,447.0,20,091,051300,2701.0,2.328448275862069,20091051300
1155.0,8.0,328.0,499.0,301.0,10.0,9.0,221.0,0.0,33.0,20,091,051400,1401.0,1.212987012987013,20091051400
1331.0,6.0,577.0,481.0,219.0,48.0,0.0,737.0,57.0,416.0,20,091,051500,2535.0,1.9045830202854996,20091051500
2120.0,33.0,366.0,1160.0,397.0,134.0,30.0,77.0,0.0,16.0,20,091,051600,2180.0,1.028301886792453,20091051600
1684.0,35.0,164.0,999.0,365.0,75.0,46.0,450.0,53.0,208.0,20,091,051700,2360.0,1.4014251781472684,20091051700
1157.0,9.0,180.0,637.0,239.0,50.0,42.0,489.0,16.0,362.0,20,091,051801,2015.0,1.7415730337078652,20091051801
1133.0,0.0,344.0,543.0,138.0,91.0,17.0,893.0,105.0,518.0,20,091,051803,2649.0,2.3380406001765226,20091051803
1307.0,23.0,449.0,572.0,254.0,9.0,0.0,1216.0,128.0,911.0,20,091,051804,3539.0,2.7077276205049734,20091051804
2252.0,0.0,744.0,1114.0,379.0,15.0,0.0,378.0,25.0,123.0,20,091,051805,2778.0,1.233570159857904,20091051805
1532.0,28.0,180.0,838.0,285.0,201.0,0.0,982.0,48.0,600.0,20,091,051806,3134.0,2.045691906005222,20091051806
1335.0,8.0,329.0,754.0,191.0,53.0,0.0,183.0,0.0,54.0,20,091,051807,1564.0,1.1715355805243446,20091051807
254.0,0.0,152.0,53.0,49.0,0.0,0.0,970.0,39.0,742.0,20,091,051808,2005.0,7.893700787401575,20091051808
1392.0,34.0,276.0,787.0,216.0,41.0,38.0,480.0,42.0,140.0,20,091,051902,2020.0,1.4511494252873562,20091051902
1685.0,0.0,393.0,933.0,213.0,116.0,30.0,924.0,41.0,567.0,20,091,051904,3217.0,1.9091988130563797,20091051904
410.0,47.0,88.0,234.0,20.0,21.0,0.0,1011.0,78.0,343.0,20,091,051907,1795.0,4.378048780487805,20091051907
452.0,0.0,129.0,198.0,99.0,26.0,0.0,219.0,3.0,106.0,20,091,051908,780.0,1.7256637168141593,20091051908
1866.0,0.0,512.0,733.0,226.0,242.0,153.0,675.0,0.0,422.0,20,091,051909,2963.0,1.5878885316184352,20091051909
60.0,0.0,1.0,45.0,14.0,0.0,0.0,928.0,16.0,441.0,20,091,051910,1445.0,24.083333333333332,20091051910
312.0,18.0,79.0,107.0,64.0,36.0,8.0,933.0,12.0,195.0,20,091,051911,1434.0,4.596153846153846,20091051911
658.0,0.0,199.0,365.0,78.0,16.0,0.0,238.0,8.0,38.0,20,091,051912,942.0,1.43161094224924,20091051912
319.0,8.0,169.0,103.0,14.0,19.0,6.0,1108.0,20.0,829.0,20,091,052001,2268.0,7.109717868338558,20091052001
571.0,0.0,196.0,256.0,89.0,24.0,6.0,362.0,6.0,247.0,20,091,052004,1186.0,2.0770577933450087,20091052004
544.0,14.0,187.0,139.0,194.0,0.0,10.0,700.0,0.0,405.0,20,091,052005,1635.0,3.005514705882353,20091052005
782.0,0.0,293.0,417.0,45.0,27.0,0.0,662.0,27.0,277.0,20,091,052006,1748.0,2.235294117647059,20091052006
377.0,0.0,125.0,116.0,112.0,24.0,0.0,299.0,89.0,101.0,20,091,052101,866.0,2.297082228116711,20091052101
707.0,14.0,144.0,351.0,149.0,32.0,17.0,471.0,109.0,163.0,20,091,052102,1436.0,2.031117397454031,20091052102
860.0,8.0,228.0,355.0,173.0,69.0,27.0,366.0,0.0,178.0,20,091,052201,1396.0,1.6232558139534883,20091052201
1202.0,23.0,220.0,495.0,390.0,47.0,27.0,67.0,0.0,21.0,20,091,052202,1267.0,1.0540765391014975,20091052202
1915.0,26.0,479.0,946.0,303.0,142.0,19.0,139.0,0.0,66.0,20,091,052304,2094.0,1.0934725848563969,20091052304
1762.0,11.0,484.0,715.0,425.0,114.0,13.0,107.0,0.0,38.0,20,091,052305,1896.0,1.076049943246311,20091052305
1344.0,8.0,190.0,583.0,411.0,113.0,39.0,142.0,105.0,0.0,20,091,052306,1583.0,1.177827380952381,20091052306
844.0,0.0,141.0,413.0,85.0,63.0,142.0,707.0,0.0,451.0,20,091,052307,2002.0,2.3720379146919433,20091052307
690.0,0.0,220.0,301.0,109.0,0.0,60.0,656.0,177.0,270.0,20,091,052308,1793.0,2.5985507246376813,20091052308
1512.0,31.0,248.0,721.0,411.0,82.0,19.0,700.0,93.0,311.0,20,091,052410,2585.0,1.7096560846560847,20091052410
1003.0,0.0,48.0,546.0,318.0,72.0,19.0,0.0,0.0,0.0,20,091,052411,1003.0,1.0,20091052411
1378.0,0.0,197.0,891.0,175.0,94.0,21.0,186.0,78.0,108.0,20,091,052414,1750.0,1.269956458635704,20091052414
589.0,8.0,76.0,361.0,103.0,41.0,0.0,938.0,54.0,508.0,20,091,052415,2081.0,3.533106960950764,20091052415
1057.0,17.0,232.0,560.0,149.0,89.0,10.0,828.0,52.0,404.0,20,091,052416,2324.0,2.198675496688742,20091052416
436.0,22.0,133.0,185.0,69.0,15.0,12.0,1148.0,57.0,452.0,20,091,052417,2071.0,4.75,20091052417
204.0,0.0,92.0,62.0,46.0,4.0,0.0,1587.0,125.0,1146.0,20,091,052418,3062.0,15.009803921568627,20091052418
1300.0,8.0,172.0,719.0,304.0,55.0,42.0,642.0,68.0,375.0,20,091,052419,2377.0,1.8284615384615384,20091052419
1606.0,0.0,531.0,848.0,113.0,92.0,22.0,540.0,13.0,274.0,20,091,052421,2433.0,1.5149439601494397,20091052421
1713.0,0.0,444.0,914.0,199.0,103.0,53.0,245.0,0.0,135.0,20,091,052422,2093.0,1.2218330414477525,20091052422
241.0,0.0,102.0,83.0,56.0,0.0,0.0,851.0,86.0,418.0,20,091,052423,1596.0,6.622406639004149,20091052423
698.0,0.0,52.0,341.0,225.0,61.0,19.0,8.0,0.0,8.0,20,091,052502,714.0,1.0229226361031518,20091052502
579.0,0.0,60.0,355.0,130.0,34.0,0.0,1449.0,0.0,777.0,20,091,052505,2805.0,4.844559585492228,20091052505
439.0,0.0,57.0,274.0,66.0,42.0,0.0,161.0,6.0,83.0,20,091,052506,689.0,1.569476082004556,20091052506
309.0,0.0,11.0,174.0,45.0,79.0,0.0,1092.0,88.0,626.0,20,091,052507,2115.0,6.844660194174757,20091052507
799.0,22.0,187.0,403.0,113.0,68.0,6.0,29.0,0.0,0.0,20,091,052604,806.0,1.0087609511889863,20091052604
430.0,30.0,49.0,210.0,112.0,29.0,0.0,423.0,6.0,177.0,20,091,052606,1006.0,2.33953488372093,20091052606
592.0,0.0,73.0,282.0,114.0,88.0,35.0,170.0,5.0,53.0,20,091,052607,820.0,1.385135135135135,20091052607
1995.0,0.0,136.0,1178.0,470.0,132.0,79.0,47.0,0.0,0.0,20,091,052608,2042.0,1.0235588972431078,20091052608
1670.0,34.0,95.0,1008.0,387.0,97.0,49.0,181.0,0.0,71.0,20,091,052609,1888.0,1.1305389221556885,20091052609
1411.0,0.0,99.0,808.0,252.0,141.0,111.0,241.0,0.0,186.0,20,091,052610,1838.0,1.3026222537207655,20091052610
720.0,36.0,133.0,397.0,118.0,36.0,0.0,92.0,0.0,92.0,20,091,052611,868.0,1.2055555555555555,20091052611
1006.0,0.0,258.0,303.0,338.0,107.0,0.0,30.0,0.0,0.0,20,091,052612,1036.0,1.0298210735586482,20091052612
1965.0,28.0,167.0,1184.0,440.0,97.0,49.0,114.0,0.0,0.0,20,091,052613,2051.0,1.043765903307888,20091052613
1383.0,48.0,141.0,606.0,501.0,60.0,27.0,451.0,12.0,363.0,20,091,052701,2161.0,1.5625451916124367,20091052701
509.0,9.0,35.0,151.0,176.0,106.0,32.0,346.0,1.0,267.0,20,091,052702,1114.0,2.1886051080550097,20091052702
632.0,0.0,161.0,253.0,161.0,57.0,0.0,598.0,21.0,126.0,20,091,052803,1377.0,2.1787974683544302,20091052803
1857.0,0.0,87.0,1340.0,295.0,109.0,26.0,0.0,0.0,0.0,20,091,052804,1857.0,1.0,20091052804
2008.0,0.0,269.0,1183.0,254.0,245.0,57.0,331.0,0.0,150.0,20,091,052805,2489.0,1.2395418326693226,20091052805
1613.0,0.0,191.0,983.0,324.0,86.0,29.0,279.0,10.0,96.0,20,091,052806,1998.0,1.2386856788592684,20091052806
1662.0,0.0,228.0,1159.0,130.0,89.0,56.0,5.0,0.0,0.0,20,091,052807,1667.0,1.0030084235860408,20091052807
1229.0,11.0,105.0,611.0,424.0,67.0,11.0,349.0,6.0,138.0,20,091,052904,1711.0,1.3921887713588283,20091052904
596.0,7.0,188.0,224.0,170.0,7.0,0.0,989.0,53.0,392.0,20,091,052905,2023.0,3.3942953020134228,20091052905
1189.0,24.0,228.0,506.0,347.0,70.0,14.0,516.0,84.0,180.0,20,091,052906,1945.0,1.6358284272497898,20091052906
780.0,0.0,142.0,484.0,87.0,56.0,11.0,921.0,80.0,347.0,20,091,052907,2128.0,2.7282051282051283,20091052907
982.0,14.0,322.0,447.0,182.0,17.0,0.0,1666.0,326.0,860.0,20,091,052908,3820.0,3.890020366598778,20091052908
1160.0,0.0,151.0,729.0,149.0,88.0,43.0,355.0,175.0,112.0,20,091,052910,1802.0,1.553448275862069,20091052910
1111.0,0.0,379.0,465.0,253.0,14.0,0.0,698.0,89.0,370.0,20,091,053004,2268.0,2.0414041404140413,20091053004
314.0,0.0,37.0,88.0,176.0,13.0,0.0,619.0,152.0,173.0,20,091,053005,1258.0,4.006369426751593,20091053005
590.0,36.0,245.0,203.0,106.0,0.0,0.0,1363.0,82.0,855.0,20,091,053006,2854.0,4.83728813559322,20091053006
1189.0,11.0,122.0,613.0,290.0,97.0,56.0,741.0,71.0,525.0,20,091,053007,2515.0,2.1152228763666945,20091053007
1125.0,42.0,305.0,297.0,185.0,246.0,50.0,967.0,67.0,609.0,20,091,053008,2726.0,2.423111111111111,20091053008
1247.0,11.0,59.0,833.0,249.0,95.0,0.0,651.0,29.0,395.0,20,091,053009,2311.0,1.8532477947072976,20091053009
1411.0,27.0,53.0,815.0,354.0,142.0,20.0,1004.0,85.0,432.0,20,091,053010,2905.0,2.0588235294117645,20091053010
814.0,0.0,33.0,307.0,352.0,97.0,25.0,184.0,18.0,93.0,20,091,053011,1109.0,1.3624078624078624,20091053011
914.0,0.0,311.0,414.0,189.0,0.0,0.0,416.0,11.0,292.0,20,091,053012,1633.0,1.786652078774617,20091053012
491.0,0.0,116.0,373.0,2.0,0.0,0.0,679.0,10.0,288.0,20,091,053013,1468.0,2.989816700610998,20091053013
1083.0,0.0,300.0,612.0,139.0,14.0,18.0,1172.0,0.0,762.0,20,091,053101,3017.0,2.7857802400738687,20091053101
1300.0,24.0,193.0,804.0,162.0,102.0,15.0,672.0,39.0,289.0,20,091,053102,2276.0,1.7507692307692309,20091053102
894.0,0.0,468.0,290.0,86.0,41.0,9.0,901.0,51.0,546.0,20,091,053105,2392.0,2.675615212527964,20091053105
1202.0,21.0,207.0,744.0,182.0,35.0,13.0,557.0,0.0,283.0,20,091,053108,2021.0,1.6813643926788686,20091053108
540.0,1.0,56.0,278.0,97.0,93.0,15.0,726.0,38.0,334.0,20,091,053109,1637.0,3.0314814814814817,20091053109
1111.0,0.0,101.0,528.0,323.0,100.0,59.0,83.0,48.0,26.0,20,091,053110,1268.0,1.1413141314131414,20091053110
726.0,25.0,183.0,353.0,119.0,46.0,0.0,319.0,32.0,240.0,20,091,053201,1292.0,1.7796143250688705,20091053201
876.0,0.0,190.0,508.0,130.0,48.0,0.0,703.0,116.0,367.0,20,091,053202,2062.0,2.353881278538813,20091053202
1264.0,0.0,186.0,757.0,220.0,101.0,0.0,1428.0,107.0,953.0,20,091,053203,3752.0,2.9683544303797467,20091053203
2017.0,0.0,320.0,894.0,547.0,155.0,101.0,278.0,103.0,81.0,20,091,053301,2479.0,1.2290530490827962,20091053301
2566.0,39.0,300.0,1632.0,420.0,174.0,1.0,49.0,24.0,0.0,20,091,053302,2600.0,1.0132501948558068,20091053302
962.0,1.0,158.0,565.0,170.0,68.0,0.0,504.0,0.0,202.0,20,091,053403,1667.0,1.7328482328482329,20091053403
973.0,0.0,194.0,520.0,136.0,28.0,95.0,532.0,39.0,372.0,20,091,053409,1916.0,1.9691675231243577,20091053409
1674.0,8.0,261.0,864.0,358.0,140.0,43.0,447.0,0.0,203.0,20,091,053411,2316.0,1.3835125448028673,20091053411
1117.0,0.0,233.0,459.0,313.0,98.0,14.0,362.0,0.0,260.0,20,091,053413,1739.0,1.5568487018800359,20091053413
472.0,0.0,13.0,263.0,181.0,9.0,6.0,1886.0,64.0,1143.0,20,091,053414,3565.0,7.552966101694915,20091053414
607.0,9.0,144.0,229.0,207.0,18.0,0.0,1334.0,132.0,764.0,20,091,053415,2828.0,4.658978583196046,20091053415
1236.0,3.0,214.0,653.0,245.0,93.0,28.0,113.0,0.0,0.0,20,091,053417,1346.0,1.0889967637540454,20091053417
1447.0,20.0,307.0,862.0,190.0,56.0,12.0,257.0,0.0,76.0,20,091,053418,1760.0,1.216309606081548,20091053418
466.0,0.0,74.0,261.0,83.0,29.0,19.0,254.0,8.0,150.0,20,091,053419,878.0,1.8841201716738198,20091053419
797.0,0.0,6.0,483.0,222.0,24.0,62.0,797.0,67.0,385.0,20,091,053421,2046.0,2.5671267252195733,20091053421
774.0,4.0,43.0,463.0,156.0,86.0,22.0,194.0,0.0,109.0,20,091,053422,1073.0,1.3863049095607236,20091053422
1523.0,11.0,102.0,751.0,401.0,194.0,64.0,31.0,0.0,20.0,20,091,053423,1563.0,1.0262639527248851,20091053423
833.0,0.0,39.0,506.0,217.0,71.0,0.0,14.0,0.0,0.0,20,091,053425,847.0,1.0168067226890756,20091053425
1740.0,12.0,116.0,1069.0,321.0,191.0,31.0,62.0,0.0,21.0,20,091,053426,1811.0,1.0408045977011495,20091053426
1911.0,0.0,49.0,1039.0,533.0,154.0,136.0,9.0,0.0,0.0,20,091,053427,1920.0,1.0047095761381475,20091053427
1034.0,0.0,80.0,639.0,255.0,33.0,27.0,0.0,0.0,0.0,20,091,053428,1034.0,1.0,20091053428
1607.0,14.0,28.0,904.0,521.0,42.0,98.0,47.0,26.0,0.0,20,091,053429,1666.0,1.0367143746110765,20091053429
1495.0,58.0,118.0,851.0,380.0,88.0,0.0,63.0,0.0,18.0,20,091,053430,1518.0,1.0153846153846153,20091053430
810.0,0.0,92.0,328.0,112.0,261.0,17.0,30.0,0.0,0.0,20,091,053431,840.0,1.037037037037037,20091053431
422.0,0.0,117.0,237.0,68.0,0.0,0.0,845.0,185.0,331.0,20,091,053502,1783.0,4.225118483412322,20091053502
1186.0,0.0,88.0,719.0,208.0,131.0,40.0,148.0,11.0,73.0,20,091,053506,1418.0,1.1956155143338953,20091053506
1972.0,5.0,209.0,1082.0,390.0,214.0,72.0,45.0,0.0,0.0,20,091,053507,2012.0,1.0202839756592292,20091053507
1712.0,10.0,213.0,755.0,364.0,194.0,176.0,279.0,0.0,8.0,20,091,053508,1989.0,1.1617990654205608,20091053508
1991.0,44.0,316.0,849.0,484.0,262.0,36.0,354.0,27.0,105.0,20,091,053509,2433.0,1.2219989954796584,20091053509
1637.0,0.0,233.0,932.0,351.0,99.0,22.0,126.0,0.0,55.0,20,091,053510,1818.0,1.110568112400733,20091053510
321.0,18.0,100.0,128.0,28.0,18.0,29.0,574.0,93.0,357.0,20,091,053555,1327.0,4.133956386292835,20091053555
510.0,10.0,104.0,269.0,84.0,28.0,15.0,390.0,16.0,177.0,20,091,053556,1083.0,2.123529411764706,20091053556
522.0,6.0,140.0,226.0,117.0,13.0,20.0,469.0,20.0,189.0,20,091,053557,1194.0,2.2873563218390807,20091053557
868.0,0.0,154.0,497.0,95.0,76.0,46.0,166.0,0.0,16.0,20,091,053558,1050.0,1.2096774193548387,20091053558
1229.0,16.0,166.0,721.0,277.0,49.0,0.0,31.0,0.0,0.0,20,091,053559,1244.0,1.0122050447518307,20091053559
1348.0,0.0,65.0,847.0,360.0,52.0,24.0,0.0,0.0,0.0,20,091,053560,1348.0,1.0,20091053560
464.0,0.0,102.0,182.0,65.0,71.0,44.0,259.0,21.0,115.0,20,091,053601,859.0,1.8512931034482758,20091053601
831.0,0.0,80.0,564.0,89.0,81.0,17.0,211.0,157.0,28.0,20,091,053603,1227.0,1.476534296028881,20091053603
1498.0,0.0,249.0,707.0,419.0,51.0,72.0,489.0,35.0,135.0,20,091,053604,2157.0,1.4399198931909212,20091053604
802.0,0.0,84.0,328.0,242.0,115.0,33.0,144.0,0.0,45.0,20,091,053701,991.0,1.2356608478802993,20091053701
538.0,0.0,67.0,259.0,144.0,34.0,34.0,869.0,108.0,403.0,20,091,053703,1918.0,3.5650557620817844,20091053703
675.0,0.0,233.0,192.0,182.0,35.0,33.0,282.0,9.0,120.0,20,091,053705,1086.0,1.6088888888888888,20091053705
1174.0,30.0,283.0,576.0,220.0,65.0,0.0,747.0,81.0,279.0,20,091,053707,2251.0,1.9173764906303237,20091053707
1648.0,9.0,241.0,788.0,431.0,179.0,0.0,405.0,18.0,180.0,20,091,053709,2242.0,1.3604368932038835,20091053709
1331.0,0.0,44.0,746.0,379.0,129.0,33.0,90.0,0.0,42.0,20,091,053711,1463.0,1.0991735537190082,20091053711
1152.0,10.0,98.0,558.0,324.0,115.0,47.0,274.0,18.0,92.0,20,091,053712,1526.0,1.3246527777777777,20091053712
2177.0,26.0,258.0,1129.0,420.0,234.0,110.0,406.0,45.0,159.0,20,091,053801,2761.0,1.268259072117593,20091053801
1312.0,8.0,87.0,450.0,549.0,121.0,97.0,32.0,0.0,0.0,20,091,053803,1336.0,1.0182926829268293,20091053803
1323.0,0.0,58.0,658.0,387.0,186.0,34.0,21.0,0.0,0.0,20,091,053804,1344.0,1.0158730158730158,20091053804
0.0,0.0,0.0,0.0,0.0,0.0,0.0,0.0,0.0,0.0,20,091,980001,0.0,,20091980001
0.0,0.0,0.0,0.0,0.0,0.0,0.0,0.0,0.0,0.0,20,091,980003,0.0,,20091980003
0.0,0.0,0.0,0.0,0.0,0.0,0.0,0.0,0.0,0.0,20,091,980004,0.0,,20091980004
0.0,0.0,0.0,0.0,0.0,0.0,0.0,0.0,0.0,0.0,20,091,980005,0.0,,20091980005
0.0,0.0,0.0,0.0,0.0,0.0,0.0,0.0,0.0,0.0,20,091,980100,0.0,,20091980100
929.0,0.0,231.0,368.0,215.0,57.0,58.0,377.0,18.0,117.0,20,093,959100,1441.0,1.5511302475780409,20093959100
773.0,5.0,117.0,232.0,211.0,120.0,88.0,220.0,2.0,71.0,20,095,961100,1061.0,1.3725743855109962,20095961100
1008.0,22.0,274.0,448.0,193.0,33.0,38.0,539.0,61.0,261.0,20,095,961200,1847.0,1.8323412698412698,20095961200
515.0,12.0,95.0,167.0,145.0,39.0,57.0,122.0,9.0,54.0,20,095,961300,688.0,1.3359223300970873,20095961300
669.0,5.0,125.0,212.0,172.0,111.0,44.0,257.0,25.0,114.0,20,097,969100,1060.0,1.5844544095665172,20097969100
952.0,0.0,237.0,361.0,222.0,73.0,59.0,264.0,46.0,133.0,20,099,950100,1395.0,1.4653361344537814,20099950100
588.0,1.0,116.0,316.0,41.0,84.0,30.0,259.0,99.0,103.0,20,099,950200,1048.0,1.782312925170068,20099950200
671.0,5.0,140.0,254.0,193.0,74.0,5.0,317.0,36.0,123.0,20,099,950300,1142.0,1.7019374068554396,20099950300
977.0,0.0,207.0,369.0,299.0,71.0,31.0,381.0,4.0,263.0,20,099,950400,1625.0,1.6632548618219039,20099950400
1103.0,21.0,178.0,374.0,288.0,156.0,86.0,248.0,12.0,110.0,20,099,950500,1452.0,1.316409791477788,20099950500
651.0,59.0,78.0,235.0,141.0,72.0,66.0,92.0,11.0,38.0,20,099,950600,733.0,1.1259600614439325,20099950600
559.0,16.0,106.0,323.0,55.0,37.0,22.0,266.0,28.0,110.0,20,099,950700,947.0,1.6940966010733454,20099950700
412.0,21.0,103.0,190.0,59.0,37.0,2.0,117.0,10.0,63.0,20,099,950800,581.0,1.4101941747572815,20099950800
489.0,5.0,92.0,207.0,81.0,86.0,18.0,170.0,10.0,69.0,20,101,956600,733.0,1.4989775051124745,20101956600
136.0,0.0,46.0,63.0,23.0,0.0,4.0,1038.0,264.0,668.0,20,103,070100,2106.0,15.485294117647058,20103070100
610.0,0.0,255.0,187.0,161.0,7.0,0.0,829.0,183.0,397.0,20,103,070200,2019.0,3.3098360655737706,20103070200
1332.0,0.0,371.0,519.0,313.0,91.0,38.0,696.0,77.0,278.0,20,103,070300,2383.0,1.789039039039039,20103070300
927.0,37.0,357.0,402.0,122.0,9.0,0.0,706.0,50.0,502.0,20,103,070400,2148.0,2.3171521035598706,20103070400
707.0,26.0,149.0,319.0,168.0,36.0,9.0,1045.0,186.0,582.0,20,103,070500,2494.0,3.5275813295615275,20103070500
1465.0,0.0,284.0,717.0,386.0,65.0,13.0,630.0,70.0,300.0,20,103,070700,2465.0,1.68259385665529,20103070700
791.0,2.0,63.0,250.0,187.0,142.0,147.0,145.0,0.0,85.0,20,103,070900,1019.0,1.2882427307206068,20103070900
1377.0,30.0,117.0,756.0,240.0,134.0,100.0,207.0,0.0,0.0,20,103,071000,1554.0,1.1285403050108933,20103071000
913.0,53.0,167.0,357.0,125.0,92.0,119.0,488.0,117.0,163.0,20,103,071102,1628.0,1.783132530120482,20103071102
889.0,0.0,86.0,483.0,279.0,31.0,10.0,96.0,0.0,23.0,20,103,071103,1008.0,1.1338582677165354,20103071103
661.0,0.0,67.0,236.0,250.0,82.0,26.0,182.0,0.0,52.0,20,103,071104,895.0,1.3540090771558244,20103071104
1103.0,0.0,106.0,513.0,292.0,172.0,20.0,370.0,21.0,168.0,20,103,071105,1662.0,1.5067996373526744,20103071105
1387.0,0.0,172.0,507.0,429.0,135.0,144.0,91.0,59.0,7.0,20,103,071202,1544.0,1.1131939437635183,20103071202
1230.0,1.0,308.0,593.0,203.0,63.0,62.0,572.0,0.0,340.0,20,103,071204,2141.0,1.740650406504065,20103071204
1226.0,17.0,140.0,429.0,341.0,186.0,113.0,52.0,0.0,26.0,20,103,071205,1287.0,1.0497553017944534,20103071205
1421.0,13.0,187.0,465.0,337.0,168.0,251.0,252.0,0.0,59.0,20,103,071400,1719.0,1.2097114707952146,20103071400
869.0,0.0,62.0,254.0,332.0,136.0,85.0,60.0,18.0,11.0,20,103,071600,958.0,1.1024165707710012,20103071600
1788.0,16.0,462.0,766.0,297.0,176.0,71.0,623.0,24.0,318.0,20,103,071800,2737.0,1.5307606263982103,20103071800
176.0,0.0,166.0,10.0,0.0,0.0,0.0,1574.0,62.0,253.0,20,103,981900,2065.0,11.732954545454545,20103981900
959.0,19.0,99.0,392.0,217.0,122.0,110.0,253.0,23.0,149.0,20,105,086100,1365.0,1.4233576642335766,20105086100
943.0,2.0,128.0,313.0,431.0,40.0,29.0,68.0,0.0,0.0,20,107,955101,1009.0,1.0699893955461295,20107955101
883.0,17.0,190.0,253.0,254.0,128.0,41.0,317.0,98.0,92.0,20,107,955102,1373.0,1.5549263873159682,20107955102
1415.0,12.0,306.0,610.0,207.0,129.0,151.0,463.0,76.0,216.0,20,107,955200,2158.0,1.5250883392226149,20107955200
754.0,9.0,128.0,299.0,173.0,87.0,58.0,402.0,26.0,169.0,20,109,954600,1342.0,1.779840848806366,20109954600
412.0,0.0,92.0,170.0,114.0,36.0,0.0,1432.0,216.0,556.0,20,111,000101,2616.0,6.349514563106796,20111000101
0.0,0.0,0.0,0.0,0.0,0.0,0.0,0.0,0.0,0.0,20,111,000102,0.0,,20111000102
266.0,0.0,30.0,126.0,73.0,0.0,37.0,210.0,21.0,133.0,20,111,000103,630.0,2.3684210526315788,20111000103
1237.0,0.0,149.0,856.0,165.0,54.0,13.0,462.0,148.0,260.0,20,111,000201,2107.0,1.7033144704931285,20111000201
511.0,0.0,26.0,362.0,83.0,40.0,0.0,387.0,20.0,135.0,20,111,000202,1053.0,2.060665362035225,20111000202
215.0,11.0,27.0,131.0,30.0,16.0,0.0,85.0,37.0,31.0,20,111,000203,357.0,1.6604651162790698,20111000203
817.0,22.0,129.0,436.0,124.0,106.0,0.0,746.0,59.0,288.0,20,111,000300,1888.0,2.310893512851897,20111000300
399.0,18.0,66.0,265.0,32.0,7.0,11.0,1181.0,95.0,614.0,20,111,000400,2271.0,5.69172932330827,20111000400
1045.0,39.0,203.0,382.0,334.0,55.0,32.0,587.0,13.0,165.0,20,111,000500,1771.0,1.694736842105263,20111000500
878.0,48.0,81.0,276.0,261.0,137.0,75.0,123.0,3.0,57.0,20,111,000600,1013.0,1.15375854214123,20111000600
720.0,3.0,92.0,307.0,196.0,93.0,29.0,234.0,6.0,85.0,20,111,000700,1042.0,1.4472222222222222,20111000700
1093.0,4.0,130.0,345.0,349.0,150.0,115.0,175.0,8.0,60.0,20,111,000800,1332.0,1.2186642268984447,20111000800
998.0,14.0,133.0,368.0,317.0,82.0,84.0,207.0,35.0,55.0,20,113,788100,1281.0,1.283567134268537,20113788100
901.0,0.0,188.0,423.0,188.0,66.0,36.0,369.0,25.0,221.0,20,113,788200,1516.0,1.6825749167591566,20113788200
1030.0,3.0,109.0,323.0,427.0,72.0,96.0,160.0,1.0,40.0,20,113,788300,1228.0,1.192233009708738,20113788300
1961.0,54.0,430.0,919.0,353.0,141.0,64.0,950.0,135.0,496.0,20,113,788400,3488.0,1.7786843447220806,20113788400
475.0,3.0,98.0,285.0,61.0,28.0,0.0,250.0,45.0,158.0,20,113,788500,925.0,1.9473684210526316,20113788500
1665.0,86.0,333.0,967.0,215.0,29.0,35.0,886.0,6.0,446.0,20,113,788600,2917.0,1.751951951951952,20113788600
1846.0,11.0,252.0,788.0,554.0,138.0,103.0,482.0,91.0,215.0,20,113,788700,2623.0,1.4209100758396533,20113788700
469.0,19.0,59.0,181.0,103.0,55.0,52.0,87.0,6.0,12.0,20,115,489500,555.0,1.183368869936034,20115489500
1034.0,13.0,204.0,408.0,243.0,72.0,94.0,250.0,28.0,133.0,20,115,489600,1432.0,1.3849129593810445,20115489600
1058.0,26.0,199.0,384.0,308.0,126.0,15.0,229.0,7.0,135.0,20,115,489700,1403.0,1.326086956521739,20115489700
1180.0,2.0,244.0,462.0,296.0,125.0,51.0,310.0,30.0,151.0,20,115,489800,1669.0,1.414406779661017,20115489800
683.0,50.0,110.0,180.0,207.0,79.0,57.0,77.0,12.0,4.0,20,117,040701,726.0,1.0629575402635432,20117040701
1084.0,32.0,217.0,421.0,285.0,62.0,67.0,430.0,28.0,282.0,20,117,060510,1792.0,1.6531365313653137,20117060510
821.0,19.0,160.0,215.0,247.0,94.0,86.0,133.0,7.0,54.0,20,117,070182,996.0,1.2131546894031668,20117070182
705.0,13.0,74.0,294.0,154.0,111.0,59.0,137.0,2.0,68.0,20,117,090186,899.0,1.275177304964539,20117090186
677.0,3.0,140.0,278.0,141.0,61.0,54.0,305.0,8.0,149.0,20,119,966600,1136.0,1.6779911373707532,20119966600
436.0,0.0,66.0,170.0,102.0,58.0,40.0,214.0,27.0,90.0,20,119,966700,767.0,1.7591743119266054,20119966700
1242.0,9.0,115.0,455.0,385.0,206.0,72.0,102.0,0.0,0.0,20,121,100100,1335.0,1.0748792270531402,20121100100
1425.0,0.0,113.0,689.0,328.0,163.0,132.0,258.0,63.0,65.0,20,121,100200,1811.0,1.270877192982456,20121100200
980.0,11.0,111.0,383.0,325.0,67.0,83.0,121.0,1.0,37.0,20,121,100300,1128.0,1.1510204081632653,20121100300
1201.0,0.0,225.0,544.0,267.0,112.0,53.0,502.0,12.0,65.0,20,121,100400,1780.0,1.482098251457119,20121100400
1734.0,22.0,219.0,750.0,371.0,259.0,113.0,123.0,0.0,13.0,20,121,100500,1848.0,1.065743944636678,20121100500
1703.0,0.0,380.0,538.0,487.0,271.0,27.0,902.0,144.0,530.0,20,121,100601,3279.0,1.925425719318849,20121100601
697.0,0.0,125.0,320.0,138.0,70.0,44.0,81.0,0.0,0.0,20,121,100602,778.0,1.1162123385939742,20121100602
1239.0,0.0,355.0,338.0,420.0,114.0,12.0,611.0,68.0,282.0,20,121,100700,2200.0,1.7756255044390639,20121100700
1048.0,7.0,197.0,533.0,193.0,102.0,16.0,547.0,62.0,139.0,20,123,176600,1789.0,1.70706106870229,20123176600
671.0,18.0,92.0,225.0,130.0,186.0,20.0,179.0,22.0,121.0,20,123,176700,975.0,1.4530551415797317,20123176700
621.0,14.0,58.0,213.0,207.0,77.0,52.0,171.0,6.0,20.0,20,125,950100,804.0,1.2946859903381642,20125950100
677.0,7.0,190.0,194.0,157.0,116.0,13.0,265.0,26.0,174.0,20,125,950200,1135.0,1.6765140324963073,20125950200
1524.0,52.0,583.0,597.0,220.0,51.0,21.0,325.0,13.0,208.0,20,125,950300,2018.0,1.3241469816272966,20125950300
571.0,14.0,139.0,267.0,109.0,35.0,7.0,306.0,61.0,172.0,20,125,950400,1096.0,1.9194395796847636,20125950400
437.0,44.0,88.0,230.0,62.0,13.0,0.0,262.0,15.0,92.0,20,125,950500,762.0,1.7437070938215102,20125950500
688.0,49.0,127.0,379.0,116.0,16.0,1.0,539.0,81.0,329.0,20,125,950600,1588.0,2.308139534883721,20125950600
1249.0,3.0,143.0,521.0,248.0,247.0,87.0,105.0,8.0,19.0,20,125,950700,1378.0,1.1032826261008808,20125950700
1195.0,0.0,184.0,565.0,290.0,104.0,52.0,397.0,59.0,238.0,20,125,950800,1889.0,1.5807531380753137,20125950800
364.0,1.0,154.0,114.0,66.0,12.0,17.0,421.0,228.0,109.0,20,125,951000,1121.0,3.07967032967033,20125951000
782.0,7.0,387.0,303.0,60.0,19.0,6.0,369.0,79.0,185.0,20,125,951100,1408.0,1.8005115089514065,20125951100
629.0,11.0,175.0,108.0,245.0,73.0,17.0,236.0,49.0,138.0,20,125,951300,1041.0,1.6550079491255962,20125951300
420.0,71.0,135.0,137.0,32.0,19.0,26.0,240.0,64.0,82.0,20,125,951400,735.0,1.75,20125951400
1162.0,1.0,211.0,495.0,251.0,142.0,62.0,151.0,12.0,75.0,20,127,963600,1399.0,1.2039586919104992,20127963600
708.0,19.0,152.0,286.0,133.0,79.0,39.0,273.0,71.0,60.0,20,127,963700,1093.0,1.5437853107344632,20127963700
633.0,2.0,204.0,165.0,183.0,54.0,25.0,305.0,16.0,103.0,20,129,964600,1055.0,1.6666666666666667,20129964600
1020.0,25.0,206.0,373.0,294.0,106.0,16.0,467.0,83.0,274.0,20,131,480100,1819.0,1.7833333333333334,20131480100
1220.0,17.0,190.0,435.0,304.0,187.0,87.0,366.0,27.0,153.0,20,131,480200,1749.0,1.4336065573770491,20131480200
770.0,13.0,102.0,277.0,178.0,137.0,63.0,128.0,9.0,31.0,20,131,480300,925.0,1.2012987012987013,20131480300
1170.0,18.0,272.0,448.0,311.0,64.0,57.0,340.0,47.0,123.0,20,133,951600,1662.0,1.4205128205128206,20133951600
689.0,15.0,169.0,212.0,156.0,137.0,0.0,235.0,11.0,164.0,20,133,951700,1084.0,1.5732946298984034,20133951700
1055.0,23.0,331.0,455.0,206.0,40.0,0.0,474.0,77.0,282.0,20,133,951800,1865.0,1.7677725118483412,20133951800
786.0,16.0,228.0,404.0,101.0,25.0,12.0,408.0,0.0,245.0,20,133,951900,1423.0,1.8104325699745547,20133951900
957.0,51.0,143.0,303.0,229.0,129.0,102.0,118.0,16.0,38.0,20,133,952000,1078.0,1.1264367816091954,20133952000
983.0,19.0,181.0,352.0,210.0,132.0,89.0,173.0,2.0,56.0,20,135,956300,1195.0,1.2156663275686674,20135956300
1435.0,31.0,290.0,604.0,312.0,169.0,29.0,381.0,11.0,244.0,20,137,951700,2040.0,1.421602787456446,20137951700
1354.0,8.0,179.0,573.0,387.0,120.0,87.0,243.0,32.0,94.0,20,139,010100,1715.0,1.2666174298375186,20139010100
904.0,24.0,188.0,296.0,225.0,109.0,62.0,249.0,12.0,151.0,20,139,010200,1292.0,1.4292035398230087,20139010200
680.0,0.0,71.0,245.0,192.0,122.0,50.0,157.0,3.0,74.0,20,139,010300,914.0,1.3441176470588236,20139010300
749.0,9.0,172.0,343.0,144.0,77.0,4.0,512.0,47.0,304.0,20,139,010400,1603.0,2.1401869158878504,20139010400
1241.0,14.0,191.0,472.0,307.0,149.0,108.0,236.0,3.0,117.0,20,139,010500,1583.0,1.2755842062852538,20139010500
1219.0,25.0,299.0,442.0,236.0,146.0,71.0,373.0,35.0,203.0,20,141,474100,1805.0,1.4807219031993437,20141474100
702.0,8.0,101.0,252.0,156.0,101.0,84.0,110.0,0.0,24.0,20,143,085600,828.0,1.1794871794871795,20143085600
1156.0,29.0,279.0,424.0,214.0,111.0,99.0,388.0,45.0,186.0,20,143,085700,1746.0,1.5103806228373702,20143085700
1062.0,0.0,136.0,448.0,385.0,80.0,13.0,817.0,163.0,409.0,20,145,970200,2451.0,2.3079096045197742,20145970200
386.0,19.0,67.0,124.0,99.0,20.0,57.0,99.0,0.0,42.0,20,145,970300,508.0,1.3160621761658031,20145970300
341.0,2.0,66.0,117.0,71.0,57.0,28.0,79.0,4.0,10.0,20,147,475100,432.0,1.2668621700879765,20147475100
500.0,1.0,84.0,202.0,124.0,54.0,35.0,138.0,0.0,48.0,20,147,475200,685.0,1.37,20147475200
775.0,10.0,202.0,310.0,154.0,81.0,18.0,370.0,65.0,195.0,20,147,475300,1395.0,1.8,20147475300
695.0,16.0,104.0,322.0,168.0,63.0,22.0,126.0,6.0,5.0,20,149,000101,816.0,1.1741007194244604,20149000101
2291.0,2.0,433.0,1093.0,612.0,54.0,97.0,487.0,0.0,78.0,20,149,000102,2854.0,1.2457442164993453,20149000102
1553.0,12.0,339.0,529.0,382.0,187.0,104.0,551.0,25.0,323.0,20,149,000200,2440.0,1.571152607855763,20149000200
1191.0,8.0,306.0,323.0,409.0,97.0,48.0,307.0,49.0,99.0,20,149,000300,1638.0,1.3753148614609572,20149000300
1199.0,6.0,159.0,442.0,340.0,160.0,92.0,388.0,60.0,132.0,20,149,000400,1773.0,1.4787322768974145,20149000400
663.0,16.0,95.0,272.0,173.0,50.0,57.0,176.0,2.0,99.0,20,151,968600,924.0,1.3936651583710407,20151968600
927.0,14.0,197.0,407.0,178.0,101.0,30.0,464.0,11.0,176.0,20,151,968700,1564.0,1.6871628910463863,20151968700
896.0,13.0,199.0,355.0,253.0,64.0,12.0,545.0,34.0,330.0,20,151,968800,1792.0,2.0,20151968800
798.0,20.0,99.0,333.0,204.0,47.0,95.0,372.0,41.0,96.0,20,153,950600,1287.0,1.612781954887218,20153950600
915.0,10.0,290.0,336.0,130.0,132.0,17.0,642.0,91.0,371.0,20,155,000100,2009.0,2.1956284153005465,20155000100
1052.0,0.0,305.0,448.0,203.0,75.0,21.0,579.0,72.0,218.0,20,155,000200,1921.0,1.8260456273764258,20155000200
2424.0,38.0,475.0,1007.0,564.0,232.0,108.0,538.0,104.0,264.0,20,155,000300,3292.0,1.358085808580858,20155000300
1055.0,10.0,370.0,351.0,234.0,69.0,21.0,428.0,29.0,225.0,20,155,000400,1727.0,1.6369668246445497,20155000400
1354.0,0.0,334.0,536.0,427.0,57.0,0.0,810.0,17.0,455.0,20,155,000500,2636.0,1.946824224519941,20155000500
286.0,28.0,73.0,134.0,38.0,6.0,7.0,763.0,142.0,384.0,20,155,000600,1547.0,5.409090909090909,20155000600
1207.0,26.0,540.0,328.0,168.0,126.0,19.0,879.0,52.0,539.0,20,155,000700,2651.0,2.196354598177299,20155000700
492.0,25.0,182.0,155.0,116.0,14.0,0.0,218.0,1.0,96.0,20,155,000800,782.0,1.589430894308943,20155000800
537.0,55.0,149.0,211.0,119.0,3.0,0.0,420.0,29.0,197.0,20,155,001000,1128.0,2.100558659217877,20155001000
1536.0,12.0,250.0,557.0,423.0,165.0,129.0,211.0,9.0,101.0,20,155,001100,1845.0,1.201171875,20155001100
1114.0,33.0,253.0,376.0,300.0,122.0,30.0,344.0,33.0,244.0,20,155,001200,1702.0,1.5278276481149013,20155001200
857.0,13.0,183.0,403.0,160.0,61.0,37.0,559.0,104.0,344.0,20,155,001300,1851.0,2.1598599766627773,20155001300
1670.0,55.0,515.0,417.0,392.0,158.0,133.0,216.0,10.0,26.0,20,155,001400,1867.0,1.1179640718562873,20155001400
941.0,19.0,175.0,340.0,290.0,97.0,20.0,291.0,15.0,139.0,20,155,001500,1367.0,1.4527098831030818,20155001500
478.0,3.0,96.0,219.0,63.0,66.0,31.0,159.0,26.0,40.0,20,155,001600,700.0,1.4644351464435146,20155001600
1054.0,9.0,417.0,227.0,218.0,132.0,51.0,181.0,5.0,56.0,20,155,001700,1287.0,1.2210626185958253,20155001700
718.0,20.0,89.0,236.0,149.0,169.0,55.0,95.0,5.0,27.0,20,155,001800,825.0,1.149025069637883,20155001800
418.0,9.0,88.0,165.0,104.0,33.0,19.0,88.0,0.0,36.0,20,157,978100,533.0,1.2751196172248804,20157978100
460.0,35.0,94.0,155.0,105.0,52.0,19.0,167.0,4.0,69.0,20,157,978200,665.0,1.4456521739130435,20157978200
621.0,18.0,113.0,330.0,116.0,22.0,22.0,323.0,63.0,194.0,20,157,978300,1183.0,1.9049919484702094,20157978300
770.0,8.0,143.0,272.0,232.0,55.0,60.0,160.0,18.0,88.0,20,159,967100,1028.0,1.335064935064935,20159967100
1124.0,15.0,305.0,441.0,260.0,92.0,11.0,510.0,75.0,290.0,20,159,967200,1984.0,1.7651245551601424,20159967200
968.0,0.0,209.0,352.0,226.0,97.0,84.0,234.0,30.0,153.0,20,159,967300,1385.0,1.4307851239669422,20159967300
579.0,23.0,89.0,342.0,65.0,26.0,34.0,540.0,123.0,247.0,20,161,000201,1466.0,2.5319516407599307,20161000201
1680.0,55.0,618.0,689.0,274.0,44.0,0.0,1110.0,38.0,449.0,20,161,000202,3222.0,1.917857142857143,20161000202
25.0,0.0,0.0,14.0,5.0,6.0,0.0,520.0,98.0,247.0,20,161,000303,890.0,35.6,20161000303
790.0,28.0,230.0,431.0,51.0,16.0,34.0,1460.0,297.0,523.0,20,161,000304,3042.0,3.850632911392405,20161000304
417.0,0.0,187.0,154.0,31.0,9.0,36.0,1386.0,108.0,623.0,20,161,000500,2534.0,6.07673860911271,20161000500
946.0,0.0,127.0,441.0,208.0,134.0,36.0,579.0,28.0,242.0,20,161,000601,1795.0,1.897463002114165,20161000601
1386.0,0.0,222.0,588.0,370.0,163.0,43.0,1299.0,60.0,709.0,20,161,000602,3454.0,2.492063492063492,20161000602
627.0,8.0,260.0,230.0,105.0,15.0,9.0,770.0,45.0,418.0,20,161,000700,1852.0,2.9537480063795853,20161000700
156.0,0.0,42.0,92.0,22.0,0.0,0.0,1446.0,119.0,609.0,20,161,000801,2330.0,14.935897435897436,20161000801
285.0,0.0,126.0,97.0,17.0,25.0,20.0,805.0,106.0,418.0,20,161,000802,1614.0,5.663157894736842,20161000802
1309.0,11.0,338.0,574.0,327.0,43.0,16.0,950.0,140.0,384.0,20,161,000900,2772.0,2.1176470588235294,20161000900
38.0,0.0,28.0,10.0,0.0,0.0,0.0,1516.0,0.0,615.0,20,161,001002,2169.0,57.078947368421055,20161001002
0.0,0.0,0.0,0.0,0.0,0.0,0.0,762.0,157.0,388.0,20,161,001101,1307.0,inf,20161001101
733.0,17.0,208.0,341.0,80.0,66.0,21.0,467.0,17.0,291.0,20,161,001102,1491.0,2.034106412005457,20161001102
1138.0,21.0,202.0,663.0,190.0,22.0,40.0,626.0,30.0,302.0,20,161,001301,2075.0,1.8233743409490335,20161001301
1952.0,17.0,298.0,923.0,404.0,209.0,101.0,269.0,34.0,40.0,20,161,001302,2278.0,1.1670081967213115,20161001302
0.0,0.0,0.0,0.0,0.0,0.0,0.0,0.0,0.0,0.0,20,161,980000,0.0,,20161980000
783.0,59.0,141.0,258.0,172.0,83.0,70.0,228.0,26.0,119.0,20,163,974600,1097.0,1.4010217113665389,20163974600
777.0,14.0,112.0,316.0,218.0,72.0,45.0,318.0,47.0,70.0,20,163,974700,1198.0,1.5418275418275418,20163974700
1021.0,21.0,245.0,336.0,213.0,143.0,63.0,297.0,15.0,206.0,20,165,972300,1518.0,1.4867776689520078,20165972300
1465.0,45.0,448.0,594.0,242.0,109.0,27.0,419.0,45.0,214.0,20,167,973800,2098.0,1.4320819112627987,20167973800
884.0,6.0,212.0,341.0,162.0,122.0,41.0,162.0,5.0,46.0,20,167,973900,1091.0,1.2341628959276019,20167973900
529.0,67.0,183.0,177.0,60.0,42.0,0.0,811.0,131.0,459.0,20,169,000101,1863.0,3.5217391304347827,20169000101
320.0,17.0,122.0,101.0,80.0,0.0,0.0,843.0,422.0,257.0,20,169,000102,1825.0,5.703125,20169000102
421.0,18.0,124.0,150.0,46.0,62.0,21.0,455.0,42.0,268.0,20,169,000200,1168.0,2.7743467933491686,20169000200
840.0,56.0,347.0,147.0,188.0,36.0,66.0,1137.0,183.0,435.0,20,169,000300,2539.0,3.0226190476190475,20169000300
943.0,8.0,450.0,320.0,134.0,14.0,17.0,472.0,13.0,282.0,20,169,000400,1702.0,1.8048780487804879,20169000400
1586.0,49.0,503.0,531.0,321.0,164.0,18.0,684.0,45.0,344.0,20,169,000500,2610.0,1.6456494325346784,20169000500
384.0,14.0,146.0,136.0,59.0,29.0,0.0,513.0,0.0,241.0,20,169,000600,1124.0,2.9270833333333335,20169000600
1803.0,0.0,231.0,1032.0,348.0,151.0,41.0,497.0,124.0,146.0,20,169,000700,2570.0,1.425402107598447,20169000700
1585.0,30.0,303.0,863.0,250.0,71.0,68.0,460.0,217.0,134.0,20,169,000800,2366.0,1.4927444794952682,20169000800
1937.0,95.0,550.0,678.0,517.0,72.0,25.0,856.0,178.0,440.0,20,169,000900,3316.0,1.7119256582343831,20169000900
1830.0,0.0,227.0,970.0,388.0,202.0,43.0,322.0,90.0,185.0,20,169,001000,2427.0,1.3262295081967213,20169001000
1309.0,16.0,111.0,563.0,349.0,179.0,91.0,208.0,7.0,79.0,20,169,001100,1587.0,1.212375859434683,20169001100
1160.0,22.0,178.0,411.0,271.0,172.0,106.0,143.0,6.0,50.0,20,169,001200,1337.0,1.1525862068965518,20169001200
1196.0,0.0,237.0,476.0,281.0,100.0,102.0,925.0,54.0,537.0,20,171,957100,2712.0,2.2675585284280935,20171957100
423.0,47.0,52.0,140.0,83.0,87.0,14.0,560.0,44.0,76.0,20,173,000100,1056.0,2.49645390070922,20173000100
761.0,22.0,233.0,280.0,176.0,27.0,23.0,472.0,9.0,189.0,20,173,000200,1409.0,1.8515111695137976,20173000200
773.0,0.0,163.0,408.0,151.0,41.0,10.0,897.0,187.0,450.0,20,173,000300,2307.0,2.984476067270375,20173000300
341.0,23.0,62.0,156.0,54.0,46.0,0.0,593.0,123.0,270.0,20,173,000400,1304.0,3.8240469208211145,20173000400
222.0,22.0,139.0,42.0,19.0,0.0,0.0,636.0,147.0,357.0,20,173,000600,1340.0,6.036036036036036,20173000600
520.0,108.0,207.0,174.0,30.0,1.0,0.0,649.0,106.0,299.0,20,173,000700,1466.0,2.8192307692307694,20173000700
337.0,27.0,151.0,135.0,0.0,22.0,2.0,509.0,243.0,201.0,20,173,000800,1263.0,3.7477744807121662,20173000800
271.0,7.0,137.0,96.0,28.0,0.0,3.0,698.0,290.0,209.0,20,173,000900,1461.0,5.391143911439114,20173000900
687.0,32.0,281.0,274.0,99.0,1.0,0.0,957.0,148.0,348.0,20,173,001000,2108.0,3.0684133915574963,20173001000
508.0,51.0,126.0,236.0,65.0,0.0,30.0,373.0,4.0,204.0,20,173,001100,1038.0,2.043307086614173,20173001100
1013.0,7.0,354.0,465.0,150.0,37.0,0.0,817.0,22.0,427.0,20,173,001400,2272.0,2.24284304047384,20173001400
444.0,0.0,186.0,179.0,62.0,8.0,9.0,563.0,15.0,372.0,20,173,001500,1394.0,3.1396396396396398,20173001500
207.0,20.0,39.0,48.0,75.0,16.0,9.0,419.0,141.0,198.0,20,173,001800,945.0,4.565217391304348,20173001800
373.0,0.0,70.0,174.0,97.0,27.0,5.0,634.0,44.0,381.0,20,173,001900,1432.0,3.839142091152815,20173001900
621.0,5.0,118.0,343.0,90.0,38.0,27.0,150.0,6.0,93.0,20,173,002000,865.0,1.392914653784219,20173002000
506.0,15.0,116.0,217.0,67.0,59.0,32.0,216.0,7.0,166.0,20,173,002200,880.0,1.7391304347826086,20173002200
532.0,15.0,148.0,309.0,40.0,20.0,0.0,495.0,17.0,322.0,20,173,002300,1351.0,2.539473684210526,20173002300
152.0,0.0,76.0,64.0,6.0,3.0,3.0,526.0,165.0,212.0,20,173,002400,1055.0,6.940789473684211,20173002400
257.0,0.0,22.0,53.0,169.0,5.0,8.0,377.0,91.0,232.0,20,173,002600,957.0,3.7237354085603114,20173002600
157.0,0.0,36.0,102.0,1.0,18.0,0.0,511.0,99.0,265.0,20,173,002700,1032.0,6.573248407643312,20173002700
470.0,1.0,121.0,255.0,57.0,26.0,10.0,856.0,77.0,350.0,20,173,002800,1752.0,3.727659574468085,20173002800
394.0,23.0,164.0,134.0,51.0,19.0,3.0,733.0,91.0,291.0,20,173,002900,1486.0,3.771573604060914,20173002900
477.0,3.0,114.0,99.0,186.0,70.0,5.0,414.0,148.0,133.0,20,173,003000,1169.0,2.450733752620545,20173003000
437.0,20.0,130.0,125.0,141.0,0.0,21.0,533.0,84.0,349.0,20,173,003100,1383.0,3.1647597254004576,20173003100
352.0,24.0,138.0,71.0,91.0,28.0,0.0,512.0,16.0,297.0,20,173,003200,1153.0,3.2755681818181817,20173003200
466.0,0.0,154.0,189.0,40.0,83.0,0.0,693.0,84.0,345.0,20,173,003400,1588.0,3.407725321888412,20173003400
529.0,23.0,214.0,202.0,58.0,20.0,12.0,421.0,65.0,231.0,20,173,003500,1223.0,2.3119092627599245,20173003500
558.0,0.0,148.0,148.0,142.0,111.0,9.0,823.0,173.0,456.0,20,173,003600,2010.0,3.6021505376344085,20173003600
385.0,69.0,122.0,151.0,33.0,0.0,10.0,334.0,160.0,90.0,20,173,003700,900.0,2.3376623376623376,20173003700
507.0,19.0,174.0,193.0,80.0,41.0,0.0,606.0,18.0,376.0,20,173,003800,1488.0,2.93491124260355,20173003800
636.0,46.0,238.0,152.0,41.0,117.0,42.0,1024.0,143.0,479.0,20,173,003900,2236.0,3.5157232704402515,20173003900
626.0,0.0,296.0,199.0,131.0,0.0,0.0,1577.0,157.0,951.0,20,173,004000,3311.0,5.289137380191693,20173004000
167.0,75.0,0.0,92.0,0.0,0.0,0.0,900.0,213.0,509.0,20,173,004301,1714.0,10.263473053892216,20173004301
209.0,2.0,52.0,149.0,3.0,3.0,0.0,1233.0,282.0,734.0,20,173,004302,2456.0,11.751196172248804,20173004302
884.0,19.0,295.0,303.0,224.0,43.0,0.0,955.0,148.0,386.0,20,173,005100,2354.0,2.66289592760181,20173005100
1000.0,0.0,293.0,385.0,125.0,171.0,26.0,975.0,235.0,493.0,20,173,005200,2703.0,2.703,20173005200
1737.0,35.0,717.0,530.0,355.0,100.0,0.0,403.0,6.0,151.0,20,173,005300,2262.0,1.302245250431779,20173005300
780.0,0.0,240.0,427.0,77.0,13.0,23.0,219.0,0.0,30.0,20,173,005401,1029.0,1.3192307692307692,20173005401
815.0,22.0,294.0,346.0,153.0,0.0,0.0,1037.0,143.0,613.0,20,173,005402,2586.0,3.173006134969325,20173005402
1186.0,1.0,240.0,563.0,299.0,52.0,31.0,446.0,69.0,135.0,20,173,005501,1835.0,1.5472175379426645,20173005501
1680.0,0.0,400.0,367.0,502.0,361.0,50.0,557.0,19.0,354.0,20,173,005502,2610.0,1.5535714285714286,20173005502
1419.0,61.0,278.0,471.0,332.0,231.0,46.0,347.0,32.0,148.0,20,173,005600,1885.0,1.328400281888654,20173005600
2102.0,55.0,788.0,800.0,216.0,237.0,6.0,526.0,72.0,159.0,20,173,005700,2804.0,1.3339676498572788,20173005700
770.0,9.0,309.0,313.0,96.0,24.0,19.0,806.0,95.0,479.0,20,173,005800,2141.0,2.7805194805194806,20173005800
929.0,30.0,217.0,422.0,201.0,42.0,17.0,612.0,86.0,275.0,20,173,005900,1872.0,2.015069967707212,20173005900
832.0,28.0,245.0,236.0,270.0,39.0,14.0,740.0,108.0,307.0,20,173,006000,1959.0,2.3545673076923075,20173006000
744.0,10.0,323.0,216.0,73.0,74.0,48.0,316.0,93.0,138.0,20,173,006100,1281.0,1.721774193548387,20173006100
701.0,8.0,170.0,354.0,77.0,82.0,10.0,858.0,48.0,668.0,20,173,006200,2267.0,3.2339514978601995,20173006200
541.0,6.0,222.0,130.0,124.0,59.0,0.0,520.0,131.0,291.0,20,173,006300,1477.0,2.7301293900184844,20173006300
539.0,20.0,204.0,227.0,73.0,10.0,5.0,186.0,0.0,56.0,20,173,006400,761.0,1.411873840445269,20173006400
259.0,11.0,21.0,129.0,22.0,23.0,53.0,925.0,286.0,329.0,20,173,006500,1788.0,6.903474903474904,20173006500
71.0,0.0,15.0,30.0,0.0,26.0,0.0,708.0,0.0,350.0,20,173,006600,1129.0,15.901408450704226,20173006600
435.0,0.0,60.0,277.0,65.0,16.0,17.0,549.0,49.0,302.0,20,173,006700,1335.0,3.0689655172413794,20173006700
552.0,26.0,193.0,161.0,143.0,0.0,29.0,1413.0,371.0,670.0,20,173,006800,2980.0,5.398550724637682,20173006800
553.0,0.0,239.0,223.0,64.0,27.0,0.0,466.0,63.0,147.0,20,173,006900,1229.0,2.2224231464737794,20173006900
334.0,0.0,21.0,232.0,48.0,15.0,18.0,1255.0,168.0,626.0,20,173,007000,2383.0,7.134730538922156,20173007000
397.0,11.0,99.0,201.0,63.0,13.0,10.0,400.0,12.0,187.0,20,173,007101,985.0,2.4811083123425695,20173007101
486.0,49.0,120.0,88.0,164.0,0.0,65.0,1883.0,133.0,963.0,20,173,007102,3416.0,7.02880658436214,20173007102
1173.0,9.0,265.0,578.0,241.0,62.0,18.0,552.0,9.0,373.0,20,173,007201,2098.0,1.7885763000852515,20173007201
579.0,16.0,189.0,166.0,128.0,44.0,36.0,1263.0,270.0,664.0,20,173,007205,2760.0,4.766839378238342,20173007205
491.0,0.0,94.0,142.0,96.0,130.0,29.0,628.0,176.0,201.0,20,173,007206,1496.0,3.0468431771894093,20173007206
864.0,0.0,113.0,356.0,161.0,168.0,66.0,49.0,0.0,38.0,20,173,007207,951.0,1.1006944444444444,20173007207
1350.0,35.0,151.0,786.0,238.0,105.0,35.0,633.0,0.0,156.0,20,173,007208,2104.0,1.5585185185185184,20173007208
1442.0,8.0,339.0,667.0,306.0,74.0,48.0,391.0,22.0,328.0,20,173,007301,2175.0,1.5083217753120666,20173007301
885.0,0.0,204.0,417.0,199.0,10.0,55.0,717.0,31.0,427.0,20,173,007302,2060.0,2.327683615819209,20173007302
477.0,19.0,169.0,155.0,83.0,25.0,26.0,436.0,102.0,227.0,20,173,007500,1223.0,2.5639412997903563,20173007500
1161.0,21.0,274.0,455.0,370.0,35.0,6.0,477.0,136.0,272.0,20,173,007600,2025.0,1.744186046511628,20173007600
508.0,0.0,192.0,195.0,100.0,0.0,21.0,410.0,82.0,180.0,20,173,007701,1180.0,2.322834645669291,20173007701
1045.0,14.0,137.0,514.0,219.0,37.0,124.0,1293.0,366.0,651.0,20,173,007702,3341.0,3.197129186602871,20173007702
356.0,42.0,174.0,81.0,47.0,12.0,0.0,530.0,67.0,344.0,20,173,007800,1255.0,3.5252808988764044,20173007800
1717.0,15.0,396.0,796.0,401.0,90.0,19.0,429.0,9.0,138.0,20,173,008000,2278.0,1.3267326732673268,20173008000
1708.0,17.0,321.0,644.0,485.0,157.0,84.0,288.0,0.0,7.0,20,173,008100,1986.0,1.1627634660421546,20173008100
1710.0,0.0,444.0,758.0,236.0,196.0,76.0,719.0,51.0,290.0,20,173,008200,2770.0,1.6198830409356726,20173008200
1405.0,52.0,249.0,563.0,380.0,103.0,58.0,497.0,18.0,344.0,20,173,008300,2212.0,1.5743772241992882,20173008300
1017.0,16.0,498.0,310.0,83.0,16.0,94.0,987.0,145.0,512.0,20,173,008400,2645.0,2.6007866273353,20173008400
709.0,8.0,171.0,380.0,92.0,58.0,0.0,336.0,0.0,244.0,20,173,008500,1281.0,1.8067700987306066,20173008500
1059.0,0.0,452.0,375.0,185.0,30.0,17.0,548.0,80.0,330.0,20,173,008600,2017.0,1.9046270066100095,20173008600
764.0,18.0,181.0,295.0,226.0,44.0,0.0,826.0,80.0,431.0,20,173,008700,2083.0,2.7264397905759163,20173008700
1214.0,14.0,371.0,281.0,371.0,130.0,47.0,686.0,46.0,217.0,20,173,008800,2149.0,1.770181219110379,20173008800
624.0,26.0,200.0,291.0,16.0,59.0,32.0,812.0,53.0,406.0,20,173,008900,1869.0,2.9951923076923075,20173008900
555.0,8.0,185.0,241.0,44.0,77.0,0.0,585.0,91.0,373.0,20,173,009000,1596.0,2.8756756756756756,20173009000
1392.0,8.0,412.0,456.0,335.0,181.0,0.0,950.0,117.0,519.0,20,173,009100,2970.0,2.1336206896551726,20173009100
775.0,0.0,150.0,358.0,192.0,46.0,29.0,398.0,27.0,180.0,20,173,009200,1380.0,1.7806451612903227,20173009200
894.0,0.0,335.0,358.0,147.0,54.0,0.0,1929.0,242.0,1043.0,20,173,009301,4108.0,4.5950782997762865,20173009301
689.0,5.0,101.0,440.0,118.0,25.0,0.0,652.0,78.0,333.0,20,173,009303,1747.0,2.5355587808417996,20173009303
402.0,0.0,90.0,240.0,59.0,13.0,0.0,927.0,57.0,552.0,20,173,009304,1938.0,4.82089552238806,20173009304
1547.0,23.0,301.0,866.0,260.0,69.0,28.0,146.0,8.0,32.0,20,173,009401,1710.0,1.105365223012282,20173009401
674.0,0.0,178.0,386.0,82.0,16.0,12.0,670.0,102.0,336.0,20,173,009402,1782.0,2.6439169139465877,20173009402
1287.0,11.0,171.0,612.0,399.0,15.0,79.0,461.0,6.0,191.0,20,173,009504,1934.0,1.5027195027195026,20173009504
845.0,7.0,95.0,420.0,197.0,91.0,35.0,383.0,81.0,247.0,20,173,009505,1549.0,1.8331360946745563,20173009505
1558.0,21.0,289.0,795.0,359.0,92.0,2.0,307.0,167.0,49.0,20,173,009506,2060.0,1.3222079589216944,20173009506
2012.0,9.0,321.0,881.0,529.0,122.0,150.0,229.0,0.0,8.0,20,173,009507,2240.0,1.1133200795228628,20173009507
871.0,12.0,237.0,260.0,201.0,161.0,0.0,151.0,0.0,62.0,20,173,009508,1072.0,1.2307692307692308,20173009508
1925.0,0.0,248.0,826.0,569.0,206.0,76.0,183.0,18.0,62.0,20,173,009509,2188.0,1.1366233766233766,20173009509
1737.0,23.0,330.0,879.0,373.0,81.0,51.0,72.0,0.0,0.0,20,173,009510,1786.0,1.028209556706966,20173009510
2094.0,33.0,311.0,1030.0,445.0,251.0,24.0,205.0,26.0,33.0,20,173,009511,2325.0,1.1103151862464182,20173009511
1341.0,8.0,282.0,663.0,214.0,137.0,37.0,122.0,29.0,14.0,20,173,009512,1498.0,1.1170768083519762,20173009512
1144.0,20.0,310.0,440.0,265.0,67.0,42.0,431.0,54.0,164.0,20,173,009513,1773.0,1.5498251748251748,20173009513
1093.0,15.0,95.0,492.0,331.0,160.0,0.0,322.0,59.0,214.0,20,173,009514,1673.0,1.5306495882891125,20173009514
1623.0,24.0,333.0,758.0,305.0,203.0,0.0,318.0,0.0,80.0,20,173,009515,1997.0,1.230437461491066,20173009515
870.0,20.0,145.0,357.0,235.0,93.0,20.0,88.0,6.0,6.0,20,173,009603,950.0,1.0919540229885059,20173009603
708.0,0.0,99.0,286.0,205.0,94.0,24.0,209.0,48.0,74.0,20,173,009604,1039.0,1.4675141242937852,20173009604
1774.0,0.0,241.0,748.0,400.0,232.0,153.0,137.0,0.0,18.0,20,173,009605,1929.0,1.0873731679819616,20173009605
1886.0,35.0,271.0,753.0,475.0,161.0,191.0,102.0,0.0,23.0,20,173,009700,1976.0,1.0477200424178155,20173009700
1245.0,7.0,487.0,410.0,208.0,117.0,16.0,603.0,77.0,327.0,20,173,009801,2245.0,1.8032128514056225,20173009801
1227.0,0.0,421.0,403.0,291.0,71.0,41.0,436.0,1.0,127.0,20,173,009803,1791.0,1.4596577017114913,20173009803
1012.0,0.0,136.0,482.0,187.0,165.0,42.0,217.0,0.0,141.0,20,173,009804,1370.0,1.3537549407114624,20173009804
1541.0,18.0,116.0,586.0,611.0,164.0,46.0,193.0,0.0,94.0,20,173,009901,1810.0,1.1745619727449708,20173009901
2046.0,78.0,334.0,801.0,406.0,411.0,16.0,232.0,26.0,153.0,20,173,009902,2379.0,1.1627565982404693,20173009902
1406.0,0.0,105.0,821.0,310.0,102.0,68.0,93.0,0.0,19.0,20,173,010001,1518.0,1.0796586059743956,20173010001
1369.0,0.0,127.0,715.0,252.0,216.0,59.0,230.0,19.0,89.0,20,173,010002,1707.0,1.2468955441928415,20173010002
757.0,3.0,220.0,365.0,135.0,19.0,15.0,55.0,0.0,27.0,20,173,010003,836.0,1.1043593130779392,20173010003
1032.0,0.0,92.0,553.0,299.0,48.0,40.0,198.0,0.0,58.0,20,173,010005,1288.0,1.248062015503876,20173010005
711.0,9.0,144.0,324.0,181.0,9.0,44.0,0.0,0.0,0.0,20,173,010006,702.0,0.9873417721518988,20173010006
1666.0,143.0,271.0,617.0,328.0,210.0,97.0,1575.0,0.0,836.0,20,173,010007,3934.0,2.361344537815126,20173010007
695.0,25.0,119.0,360.0,153.0,6.0,32.0,486.0,1.0,253.0,20,173,010106,1410.0,2.028776978417266,20173010106
999.0,0.0,328.0,346.0,157.0,168.0,0.0,806.0,106.0,388.0,20,173,010107,2299.0,2.3013013013013013,20173010107
789.0,0.0,78.0,382.0,279.0,25.0,25.0,319.0,7.0,209.0,20,173,010108,1324.0,1.6780735107731306,20173010108
216.0,8.0,39.0,84.0,51.0,19.0,15.0,855.0,50.0,558.0,20,173,010109,1671.0,7.736111111111111,20173010109
543.0,10.0,129.0,237.0,98.0,53.0,16.0,92.0,11.0,66.0,20,173,010110,702.0,1.292817679558011,20173010110
2187.0,17.0,311.0,992.0,600.0,231.0,36.0,494.0,0.0,175.0,20,173,010111,2839.0,1.2981252857796068,20173010111
1394.0,20.0,128.0,758.0,328.0,63.0,97.0,310.0,21.0,133.0,20,173,010113,1838.0,1.3185078909612626,20173010113
2304.0,0.0,111.0,1341.0,607.0,198.0,47.0,732.0,182.0,193.0,20,173,010115,3411.0,1.48046875,20173010115
974.0,19.0,116.0,467.0,245.0,105.0,22.0,535.0,0.0,261.0,20,173,010116,1751.0,1.797741273100616,20173010116
1654.0,0.0,246.0,748.0,432.0,143.0,85.0,405.0,52.0,245.0,20,173,010201,2356.0,1.4244256348246676,20173010201
1151.0,0.0,81.0,422.0,443.0,138.0,67.0,422.0,219.0,144.0,20,173,010202,1936.0,1.6820156385751521,20173010202
2188.0,93.0,343.0,728.0,654.0,286.0,84.0,597.0,20.0,282.0,20,173,010301,2994.0,1.3683729433272396,20173010301
2268.0,27.0,362.0,931.0,493.0,294.0,161.0,1389.0,81.0,836.0,20,173,010302,4547.0,2.0048500881834217,20173010302
668.0,31.0,125.0,239.0,131.0,90.0,52.0,154.0,1.0,86.0,20,173,010400,878.0,1.31437125748503,20173010400
1289.0,8.0,186.0,571.0,304.0,136.0,84.0,173.0,14.0,72.0,20,173,010500,1540.0,1.1947245927075252,20173010500
1301.0,0.0,115.0,567.0,267.0,186.0,166.0,148.0,11.0,43.0,20,173,010600,1503.0,1.1552651806302845,20173010600
909.0,54.0,133.0,277.0,230.0,136.0,79.0,250.0,22.0,82.0,20,173,010700,1209.0,1.33003300330033,20173010700
286.0,0.0,101.0,99.0,19.0,49.0,18.0,765.0,0.0,423.0,20,173,010801,1474.0,5.153846153846154,20173010801
355.0,31.0,65.0,99.0,112.0,40.0,8.0,813.0,127.0,464.0,20,173,010802,1728.0,4.867605633802817,20173010802
1370.0,10.0,305.0,843.0,175.0,26.0,11.0,427.0,9.0,295.0,20,173,010900,2091.0,1.5262773722627738,20173010900
726.0,0.0,66.0,355.0,169.0,85.0,51.0,118.0,5.0,27.0,20,175,965600,876.0,1.2066115702479339,20175965600
1120.0,27.0,179.0,549.0,210.0,148.0,7.0,489.0,94.0,341.0,20,175,965700,2017.0,1.800892857142857,20175965700
763.0,30.0,145.0,306.0,175.0,98.0,9.0,552.0,0.0,276.0,20,175,965800,1561.0,2.0458715596330275,20175965800
1212.0,6.0,143.0,685.0,175.0,192.0,11.0,1030.0,101.0,590.0,20,175,965900,2927.0,2.415016501650165,20175965900
806.0,40.0,278.0,245.0,198.0,8.0,37.0,433.0,179.0,138.0,20,175,966000,1516.0,1.880893300248139,20175966000
590.0,0.0,279.0,144.0,80.0,87.0,0.0,1111.0,288.0,635.0,20,177,000400,2624.0,4.447457627118644,20177000400
296.0,9.0,114.0,164.0,9.0,0.0,0.0,745.0,243.0,450.0,20,177,000500,1725.0,5.827702702702703,20177000500
350.0,10.0,138.0,142.0,60.0,0.0,0.0,442.0,154.0,234.0,20,177,000600,1170.0,3.342857142857143,20177000600
818.0,9.0,197.0,464.0,122.0,19.0,7.0,305.0,43.0,123.0,20,177,000700,1280.0,1.56479217603912,20177000700
791.0,59.0,273.0,264.0,106.0,63.0,26.0,653.0,170.0,274.0,20,177,000800,1829.0,2.3122629582806575,20177000800
832.0,24.0,333.0,284.0,122.0,60.0,9.0,424.0,70.0,121.0,20,177,000900,1423.0,1.7103365384615385,20177000900
883.0,88.0,365.0,307.0,65.0,58.0,0.0,538.0,33.0,319.0,20,177,001000,1685.0,1.9082672706681767,20177001000
559.0,19.0,300.0,71.0,160.0,0.0,9.0,619.0,138.0,373.0,20,177,001100,1670.0,2.987477638640429,20177001100
312.0,58.0,84.0,64.0,52.0,41.0,13.0,363.0,75.0,144.0,20,177,001200,836.0,2.6794871794871793,20177001200
1049.0,0.0,366.0,602.0,24.0,41.0,16.0,574.0,0.0,267.0,20,177,001300,1890.0,1.801715919923737,20177001300
500.0,29.0,163.0,182.0,88.0,37.0,1.0,424.0,25.0,323.0,20,177,001500,1243.0,2.486,20177001500
676.0,0.0,182.0,331.0,74.0,40.0,49.0,426.0,31.0,224.0,20,177,001601,1357.0,2.007396449704142,20177001601
714.0,62.0,291.0,235.0,126.0,0.0,0.0,911.0,200.0,606.0,20,177,001603,2369.0,3.3179271708683475,20177001603
958.0,12.0,213.0,381.0,313.0,19.0,20.0,796.0,29.0,526.0,20,177,001604,2297.0,2.3977035490605427,20177001604
910.0,0.0,305.0,319.0,169.0,107.0,10.0,451.0,48.0,134.0,20,177,001800,1543.0,1.6956043956043956,20177001800
1150.0,0.0,290.0,651.0,120.0,89.0,0.0,404.0,118.0,73.0,20,177,001900,1745.0,1.517391304347826,20177001900
785.0,31.0,239.0,359.0,131.0,25.0,0.0,579.0,59.0,158.0,20,177,002100,1550.0,1.9745222929936306,20177002100
753.0,15.0,259.0,289.0,150.0,30.0,10.0,403.0,124.0,185.0,20,177,002200,1450.0,1.9256308100929616,20177002200
618.0,0.0,121.0,304.0,141.0,52.0,0.0,758.0,232.0,374.0,20,177,002401,1982.0,3.207119741100324,20177002401
628.0,22.0,323.0,140.0,119.0,0.0,24.0,695.0,34.0,469.0,20,177,002402,1804.0,2.872611464968153,20177002402
691.0,16.0,224.0,403.0,48.0,0.0,0.0,646.0,121.0,294.0,20,177,002500,1736.0,2.512301013024602,20177002500
1117.0,29.0,465.0,437.0,175.0,0.0,11.0,693.0,53.0,449.0,20,177,002601,2283.0,2.043867502238138,20177002601
2102.0,37.0,726.0,1079.0,149.0,38.0,73.0,807.0,88.0,402.0,20,177,002602,3362.0,1.599429115128449,20177002602
1466.0,26.0,626.0,590.0,153.0,38.0,33.0,600.0,39.0,368.0,20,177,002701,2447.0,1.669167803547067,20177002701
1140.0,9.0,290.0,565.0,236.0,40.0,0.0,832.0,54.0,585.0,20,177,002702,2602.0,2.2824561403508774,20177002702
530.0,0.0,183.0,227.0,55.0,65.0,0.0,1330.0,257.0,818.0,20,177,002800,2935.0,5.537735849056604,20177002800
594.0,60.0,183.0,293.0,36.0,22.0,0.0,388.0,0.0,263.0,20,177,002900,1185.0,1.994949494949495,20177002900
725.0,6.0,313.0,267.0,66.0,30.0,43.0,705.0,128.0,291.0,20,177,003001,1843.0,2.5420689655172413,20177003001
1742.0,17.0,591.0,571.0,291.0,167.0,105.0,226.0,0.0,53.0,20,177,003002,2004.0,1.1504018369690012,20177003002
1302.0,0.0,370.0,532.0,206.0,176.0,18.0,924.0,291.0,488.0,20,177,003100,3005.0,2.3079877112135176,20177003100
809.0,0.0,132.0,297.0,181.0,138.0,61.0,232.0,15.0,141.0,20,177,003301,1197.0,1.4796044499381953,20177003301
1203.0,46.0,88.0,693.0,183.0,79.0,114.0,129.0,29.0,0.0,20,177,003302,1315.0,1.0931005818786368,20177003302
1842.0,0.0,242.0,915.0,384.0,212.0,89.0,117.0,0.0,91.0,20,177,003401,2050.0,1.1129207383279045,20177003401
1506.0,32.0,86.0,686.0,377.0,178.0,147.0,113.0,0.0,76.0,20,177,003402,1663.0,1.1042496679946878,20177003402
1878.0,37.0,286.0,918.0,403.0,153.0,81.0,456.0,15.0,259.0,20,177,003500,2571.0,1.3690095846645367,20177003500
1577.0,4.0,192.0,582.0,525.0,114.0,160.0,248.0,81.0,121.0,20,177,003601,2023.0,1.2828154724159797,20177003601
1436.0,0.0,269.0,549.0,485.0,101.0,32.0,165.0,81.0,40.0,20,177,003604,1722.0,1.1991643454038998,20177003604
1750.0,25.0,261.0,854.0,491.0,70.0,49.0,244.0,93.0,119.0,20,177,003605,2181.0,1.2462857142857142,20177003605
1242.0,35.0,325.0,703.0,102.0,77.0,0.0,814.0,39.0,447.0,20,177,003606,2507.0,2.0185185185185186,20177003606
2122.0,0.0,527.0,970.0,455.0,129.0,41.0,541.0,75.0,350.0,20,177,003607,3088.0,1.4552309142318567,20177003607
2101.0,32.0,672.0,852.0,368.0,162.0,15.0,205.0,0.0,56.0,20,177,003701,2330.0,1.1089957163255593,20177003701
587.0,9.0,131.0,262.0,64.0,90.0,31.0,628.0,92.0,154.0,20,177,003702,1452.0,2.4735945485519593,20177003702
2458.0,0.0,254.0,1301.0,617.0,213.0,73.0,224.0,0.0,168.0,20,177,003901,2850.0,1.1594792514239218,20177003901
1946.0,0.0,176.0,737.0,357.0,371.0,305.0,94.0,0.0,41.0,20,177,003902,2081.0,1.0693730729701953,20177003902
320.0,31.0,168.0,109.0,0.0,12.0,0.0,941.0,531.0,335.0,20,177,004000,2096.0,6.55,20177004000
1124.0,33.0,467.0,479.0,141.0,0.0,4.0,609.0,135.0,211.0,20,177,004100,2046.0,1.8202846975088969,20177004100
780.0,22.0,163.0,220.0,193.0,85.0,97.0,224.0,21.0,111.0,20,179,952800,1114.0,1.4282051282051282,20179952800
613.0,20.0,68.0,174.0,100.0,154.0,97.0,119.0,0.0,25.0,20,181,453600,737.0,1.2022838499184338,20181453600
804.0,11.0,141.0,322.0,237.0,76.0,17.0,703.0,51.0,299.0,20,181,453700,1846.0,2.2960199004975124,20181453700
553.0,4.0,122.0,221.0,145.0,21.0,40.0,139.0,16.0,91.0,20,183,475800,795.0,1.437613019891501,20183475800
724.0,6.0,114.0,286.0,175.0,99.0,44.0,109.0,7.0,38.0,20,183,475900,872.0,1.2044198895027625,20183475900
583.0,6.0,86.0,213.0,202.0,57.0,19.0,141.0,21.0,54.0,20,185,470600,793.0,1.3602058319039452,20185470600
681.0,8.0,158.0,259.0,146.0,78.0,32.0,166.0,5.0,94.0,20,185,470700,938.0,1.3773861967694567,20185470700
639.0,10.0,137.0,277.0,165.0,42.0,8.0,195.0,3.0,90.0,20,187,964100,917.0,1.4350547730829422,20187964100
263.0,4.0,28.0,99.0,44.0,50.0,38.0,122.0,25.0,30.0,20,189,965100,436.0,1.6577946768060836,20189965100
925.0,7.0,204.0,437.0,180.0,34.0,63.0,455.0,76.0,98.0,20,189,965200,1547.0,1.6724324324324324,20189965200
1434.0,68.0,178.0,407.0,382.0,298.0,101.0,522.0,59.0,356.0,20,191,962100,2303.0,1.6059972105997211,20191962100
1558.0,22.0,252.0,545.0,392.0,212.0,135.0,446.0,65.0,147.0,20,191,962200,2194.0,1.4082156611039796,20191962200
785.0,12.0,173.0,323.0,150.0,56.0,71.0,236.0,15.0,124.0,20,191,962300,1148.0,1.462420382165605,20191962300
1008.0,15.0,157.0,478.0,226.0,100.0,32.0,486.0,18.0,238.0,20,191,962400,1735.0,1.7212301587301588,20191962400
832.0,0.0,105.0,336.0,251.0,131.0,9.0,659.0,122.0,300.0,20,191,962500,1913.0,2.2992788461538463,20191962500
787.0,23.0,141.0,220.0,227.0,128.0,48.0,202.0,45.0,118.0,20,191,962600,1129.0,1.434561626429479,20191962600
1528.0,23.0,239.0,751.0,466.0,27.0,22.0,811.0,61.0,415.0,20,193,953100,2792.0,1.8272251308900525,20193953100
680.0,15.0,75.0,283.0,186.0,55.0,66.0,147.0,0.0,15.0,20,193,953400,827.0,1.2161764705882352,20193953400
1073.0,12.0,72.0,405.0,343.0,181.0,60.0,231.0,11.0,140.0,20,195,955800,1443.0,1.3448275862068966,20195955800
1317.0,22.0,216.0,508.0,345.0,139.0,87.0,396.0,13.0,93.0,20,197,483100,1797.0,1.3644646924829158,20197483100
730.0,13.0,114.0,295.0,130.0,106.0,72.0,94.0,17.0,26.0,20,197,483200,854.0,1.16986301369863,20197483200
461.0,12.0,42.0,120.0,140.0,92.0,55.0,201.0,12.0,93.0,20,199,954100,755.0,1.6377440347071583,20199954100
1027.0,7.0,263.0,375.0,232.0,100.0,50.0,250.0,32.0,102.0,20,201,978600,1404.0,1.3670886075949367,20201978600
754.0,15.0,121.0,309.0,164.0,50.0,95.0,243.0,18.0,149.0,20,201,978700,1149.0,1.523872679045093,20201978700
700.0,10.0,120.0,252.0,124.0,143.0,51.0,197.0,28.0,81.0,20,203,957600,996.0,1.4228571428571428,20203957600
685.0,10.0,100.0,291.0,177.0,80.0,27.0,122.0,5.0,78.0,20,205,097100,880.0,1.2846715328467153,20205097100
464.0,35.0,76.0,150.0,83.0,48.0,72.0,90.0,20.0,15.0,20,205,097200,554.0,1.1939655172413792,20205097200
662.0,18.0,157.0,196.0,187.0,64.0,40.0,327.0,44.0,176.0,20,205,097300,1191.0,1.799093655589124,20205097300
772.0,0.0,164.0,269.0,246.0,66.0,27.0,339.0,47.0,183.0,20,205,097400,1341.0,1.7370466321243523,20205097400
522.0,14.0,72.0,227.0,124.0,54.0,31.0,41.0,8.0,17.0,20,207,096600,574.0,1.0996168582375478,20207096600
530.0,9.0,143.0,240.0,67.0,32.0,39.0,144.0,32.0,71.0,20,207,096700,768.0,1.4490566037735848,20207096700
579.0,32.0,191.0,193.0,131.0,32.0,0.0,345.0,88.0,120.0,20,209,040100,1100.0,1.8998272884283247,20209040100
418.0,0.0,124.0,85.0,190.0,19.0,0.0,158.0,7.0,121.0,20,209,040200,704.0,1.6842105263157894,20209040200
594.0,0.0,355.0,113.0,77.0,33.0,16.0,260.0,64.0,92.0,20,209,040500,1010.0,1.7003367003367003,20209040500
492.0,22.0,136.0,201.0,51.0,69.0,13.0,448.0,41.0,208.0,20,209,040600,1167.0,2.3719512195121952,20209040600
319.0,34.0,80.0,162.0,35.0,0.0,8.0,259.0,11.0,96.0,20,209,040700,651.0,2.040752351097179,20209040700
426.0,3.0,220.0,202.0,1.0,0.0,0.0,194.0,15.0,147.0,20,209,040900,779.0,1.8286384976525822,20209040900
183.0,17.0,85.0,73.0,8.0,0.0,0.0,375.0,176.0,169.0,20,209,041100,886.0,4.841530054644808,20209041100
289.0,7.0,129.0,59.0,87.0,7.0,0.0,271.0,117.0,135.0,20,209,041200,805.0,2.7854671280276815,20209041200
1089.0,38.0,229.0,623.0,109.0,68.0,22.0,470.0,52.0,197.0,20,209,041300,1770.0,1.6253443526170799,20209041300
320.0,67.0,114.0,71.0,4.0,37.0,27.0,539.0,128.0,355.0,20,209,041400,1275.0,3.984375,20209041400
370.0,6.0,48.0,127.0,115.0,60.0,14.0,530.0,0.0,333.0,20,209,041500,1227.0,3.3162162162162163,20209041500
658.0,14.0,198.0,308.0,54.0,10.0,74.0,483.0,119.0,190.0,20,209,041600,1436.0,2.182370820668693,20209041600
283.0,0.0,114.0,78.0,75.0,16.0,0.0,289.0,12.0,156.0,20,209,041900,740.0,2.614840989399293,20209041900
184.0,0.0,96.0,48.0,26.0,14.0,0.0,222.0,131.0,62.0,20,209,042001,599.0,3.255434782608696,20209042001
235.0,21.0,89.0,43.0,18.0,64.0,0.0,348.0,130.0,142.0,20,209,042002,834.0,3.548936170212766,20209042002
500.0,6.0,116.0,241.0,98.0,35.0,4.0,353.0,90.0,117.0,20,209,042100,1054.0,2.108,20209042100
375.0,0.0,109.0,93.0,77.0,93.0,3.0,194.0,0.0,84.0,20,209,042200,653.0,1.7413333333333334,20209042200
414.0,0.0,63.0,155.0,90.0,58.0,48.0,630.0,215.0,217.0,20,209,042300,1476.0,3.5652173913043477,20209042300
302.0,0.0,81.0,146.0,65.0,10.0,0.0,586.0,128.0,193.0,20,209,042400,1209.0,4.003311258278146,20209042400
358.0,0.0,151.0,123.0,51.0,24.0,9.0,519.0,54.0,264.0,20,209,042600,1195.0,3.3379888268156424,20209042600
621.0,44.0,174.0,221.0,105.0,25.0,52.0,460.0,153.0,97.0,20,209,042700,1287.0,2.072463768115942,20209042700
462.0,1.0,167.0,104.0,92.0,17.0,81.0,859.0,232.0,430.0,20,209,042800,1982.0,4.29004329004329,20209042800
677.0,5.0,198.0,205.0,137.0,86.0,46.0,964.0,507.0,322.0,20,209,042900,2465.0,3.641063515509601,20209042900
1058.0,54.0,532.0,270.0,165.0,21.0,16.0,496.0,8.0,199.0,20,209,043000,1707.0,1.613421550094518,20209043000
312.0,0.0,31.0,174.0,63.0,0.0,44.0,1326.0,117.0,767.0,20,209,043301,2522.0,8.083333333333334,20209043301
543.0,9.0,115.0,265.0,70.0,77.0,7.0,213.0,7.0,135.0,20,209,043400,889.0,1.6372007366482504,20209043400
458.0,0.0,104.0,232.0,74.0,27.0,21.0,173.0,12.0,46.0,20,209,043500,689.0,1.5043668122270741,20209043500
1822.0,0.0,495.0,506.0,683.0,122.0,16.0,408.0,16.0,191.0,20,209,043600,2437.0,1.3375411635565313,20209043600
615.0,48.0,80.0,280.0,167.0,35.0,5.0,153.0,6.0,74.0,20,209,043700,800.0,1.3008130081300813,20209043700
433.0,12.0,60.0,201.0,106.0,19.0,35.0,76.0,0.0,22.0,20,209,043802,519.0,1.1986143187066975,20209043802
774.0,36.0,78.0,323.0,270.0,58.0,9.0,301.0,38.0,108.0,20,209,043803,1185.0,1.5310077519379846,20209043803
620.0,29.0,246.0,215.0,82.0,43.0,5.0,473.0,51.0,133.0,20,209,043903,1248.0,2.0129032258064514,20209043903
520.0,0.0,40.0,252.0,131.0,38.0,59.0,688.0,185.0,440.0,20,209,043904,1833.0,3.525,20209043904
310.0,0.0,76.0,133.0,24.0,17.0,60.0,384.0,112.0,248.0,20,209,043905,1054.0,3.4,20209043905
671.0,0.0,184.0,259.0,148.0,70.0,10.0,509.0,31.0,318.0,20,209,044001,1529.0,2.278688524590164,20209044001
1009.0,41.0,309.0,363.0,221.0,28.0,47.0,280.0,72.0,133.0,20,209,044002,1453.0,1.4400396432111,20209044002
236.0,9.0,58.0,158.0,11.0,0.0,0.0,334.0,92.0,155.0,20,209,044101,808.0,3.4237288135593222,20209044101
634.0,0.0,209.0,222.0,150.0,44.0,9.0,305.0,11.0,62.0,20,209,044102,1012.0,1.5962145110410095,20209044102
710.0,0.0,112.0,334.0,227.0,14.0,23.0,476.0,23.0,310.0,20,209,044103,1519.0,2.13943661971831,20209044103
381.0,0.0,219.0,65.0,97.0,0.0,0.0,1205.0,286.0,626.0,20,209,044104,2498.0,6.556430446194225,20209044104
1194.0,35.0,314.0,425.0,269.0,91.0,60.0,248.0,49.0,67.0,20,209,044201,1523.0,1.2755443886097153,20209044201
1267.0,59.0,451.0,337.0,284.0,101.0,35.0,224.0,11.0,21.0,20,209,044202,1464.0,1.1554853985793212,20209044202
563.0,0.0,128.0,229.0,203.0,0.0,3.0,444.0,106.0,221.0,20,209,044301,1334.0,2.369449378330373,20209044301
369.0,6.0,62.0,143.0,101.0,48.0,9.0,349.0,16.0,132.0,20,209,044302,860.0,2.330623306233062,20209044302
517.0,17.0,144.0,217.0,97.0,32.0,10.0,250.0,43.0,134.0,20,209,044303,927.0,1.793036750483559,20209044303
677.0,20.0,167.0,111.0,222.0,89.0,68.0,317.0,59.0,165.0,20,209,044400,1198.0,1.7695716395864107,20209044400
497.0,14.0,103.0,162.0,143.0,64.0,11.0,286.0,66.0,141.0,20,209,044500,976.0,1.9637826961770624,20209044500
794.0,37.0,132.0,316.0,135.0,71.0,103.0,175.0,0.0,47.0,20,209,044601,979.0,1.2329974811083124,20209044601
0.0,0.0,0.0,0.0,0.0,0.0,0.0,0.0,0.0,0.0,20,209,044602,0.0,,20209044602
0.0,0.0,0.0,0.0,0.0,0.0,0.0,0.0,0.0,0.0,20,209,044603,0.0,,20209044603
1382.0,34.0,207.0,522.0,419.0,116.0,84.0,318.0,34.0,138.0,20,209,044702,1838.0,1.329956584659913,20209044702
1017.0,13.0,108.0,430.0,277.0,183.0,6.0,585.0,47.0,341.0,20,209,044703,1977.0,1.943952802359882,20209044703
468.0,9.0,102.0,218.0,101.0,19.0,19.0,104.0,0.0,37.0,20,209,044704,600.0,1.2820512820512822,20209044704
1867.0,7.0,220.0,968.0,557.0,27.0,88.0,681.0,19.0,166.0,20,209,044803,2726.0,1.4600964113551151,20209044803
1391.0,19.0,98.0,740.0,341.0,97.0,96.0,202.0,0.0,0.0,20,209,044804,1574.0,1.1315600287562904,20209044804
874.0,0.0,133.0,341.0,251.0,85.0,64.0,158.0,16.0,47.0,20,209,044807,1095.0,1.2528604118993134,20209044807
1202.0,11.0,299.0,506.0,339.0,37.0,10.0,647.0,62.0,285.0,20,209,044900,2185.0,1.8178036605657237,20209044900
192.0,5.0,73.0,49.0,30.0,18.0,17.0,801.0,177.0,372.0,20,209,045100,1537.0,8.005208333333334,20209045100
925.0,14.0,368.0,388.0,113.0,0.0,42.0,1077.0,112.0,499.0,20,209,045200,2599.0,2.80972972972973,20209045200
0.0,0.0,0.0,0.0,0.0,0.0,0.0,0.0,0.0,0.0,20,209,980000,0.0,,20209980000
0.0,0.0,0.0,0.0,0.0,0.0,0.0,0.0,0.0,0.0,20,209,980500,0.0,,20209980500
0.0,0.0,0.0,0.0,0.0,0.0,0.0,0.0,0.0,0.0,20,209,980900,0.0,,20209980900
0.0,0.0,0.0,0.0,0.0,0.0,0.0,0.0,0.0,0.0,20,209,981200,0.0,,20209981200
10.0,4.0,0.0,6.0,0.0,0.0,0.0,0.0,0.0,0.0,20,209,981500,6.0,0.6,20209981500
